Record Length,2.50E+03,,-0.0123,0.68
Sample Interval,1.00E-05,,-0.01229,0.64
Trigger Point,1.23E+03,,-0.01228,0.66
,,,-0.01227,0.66
,,,-0.01226,0.66
,,,-0.01225,0.66
Source,CH1,,-0.01224,0.66
Vertical Units,V,,-0.01223,0.64
Vertical Scale,5.00E-01,,-0.01222,0.64
Vertical Offset,-1.50E+00,,-0.01221,0.64
Horizontal Units,s,,-0.0122,0.64
Horizontal Scale,2.50E-03,,-0.01219,0.66
Pt Fmt,Y,,-0.01218,0.64
Yzero,0.00E+00,,-0.01217,0.64
Probe Atten,1.00E+00,,-0.01216,0.64
Model Number,TDS1012B,,-0.01215,0.64
Serial Number,C103211,,-0.01214,0.64
Firmware Version,FV:v22.11,,-0.01213,0.66
,,,-0.01212,0.66
Detector with the label,,,-0.01211,0.66
Test with no optics,,,-0.0121,0.66
,,,-0.01209,0.64
,,,-0.01208,0.64
,,,-0.01207,0.66
,,,-0.01206,0.64
,,,-0.01205,0.66
,,,-0.01204,0.64
,,,-0.01203,0.66
,,,-0.01202,0.64
,,,-0.01201,0.66
,,,-0.012,0.68
,,,-0.01199,0.64
,,,-0.01198,0.64
,,,-0.01197,0.66
,,,-0.01196,0.64
,,,-0.01195,0.66
,,,-0.01194,0.64
,,,-0.01193,0.62
,,,-0.01192,0.66
,,,-0.01191,0.64
,,,-0.0119,0.66
,,,-0.01189,0.66
,,,-0.01188,0.66
,,,-0.01187,0.66
,,,-0.01186,0.66
,,,-0.01185,0.66
,,,-0.01184,0.64
,,,-0.01183,0.64
,,,-0.01182,0.66
,,,-0.01181,0.64
,,,-0.0118,0.64
,,,-0.01179,0.66
,,,-0.01178,0.68
,,,-0.01177,0.66
,,,-0.01176,0.66
,,,-0.01175,0.66
,,,-0.01174,0.66
,,,-0.01173,0.66
,,,-0.01172,0.66
,,,-0.01171,0.64
,,,-0.0117,0.64
,,,-0.01169,0.66
,,,-0.01168,0.64
,,,-0.01167,0.66
,,,-0.01166,0.64
,,,-0.01165,0.66
,,,-0.01164,0.64
,,,-0.01163,0.64
,,,-0.01162,0.66
,,,-0.01161,0.66
,,,-0.0116,0.64
,,,-0.01159,0.66
,,,-0.01158,0.66
,,,-0.01157,0.66
,,,-0.01156,0.66
,,,-0.01155,0.66
,,,-0.01154,0.68
,,,-0.01153,0.66
,,,-0.01152,0.64
,,,-0.01151,0.66
,,,-0.0115,0.64
,,,-0.01149,0.66
,,,-0.01148,0.66
,,,-0.01147,0.66
,,,-0.01146,0.66
,,,-0.01145,0.66
,,,-0.01144,0.66
,,,-0.01143,0.66
,,,-0.01142,0.66
,,,-0.01141,0.66
,,,-0.0114,0.66
,,,-0.01139,0.64
,,,-0.01138,0.66
,,,-0.01137,0.66
,,,-0.01136,0.66
,,,-0.01135,0.66
,,,-0.01134,0.68
,,,-0.01133,0.64
,,,-0.01132,0.66
,,,-0.01131,0.64
,,,-0.0113,0.66
,,,-0.01129,0.68
,,,-0.01128,0.66
,,,-0.01127,0.66
,,,-0.01126,0.66
,,,-0.01125,0.66
,,,-0.01124,0.66
,,,-0.01123,0.66
,,,-0.01122,0.66
,,,-0.01121,0.66
,,,-0.0112,0.64
,,,-0.01119,0.66
,,,-0.01118,0.68
,,,-0.01117,0.64
,,,-0.01116,0.66
,,,-0.01115,0.64
,,,-0.01114,0.66
,,,-0.01113,0.64
,,,-0.01112,0.68
,,,-0.01111,0.66
,,,-0.0111,0.66
,,,-0.01109,0.68
,,,-0.01108,0.66
,,,-0.01107,0.66
,,,-0.01106,0.68
,,,-0.01105,0.64
,,,-0.01104,0.66
,,,-0.01103,0.66
,,,-0.01102,0.66
,,,-0.01101,0.66
,,,-0.011,0.66
,,,-0.01099,0.68
,,,-0.01098,0.66
,,,-0.01097,0.66
,,,-0.01096,0.66
,,,-0.01095,0.66
,,,-0.01094,0.68
,,,-0.01093,0.66
,,,-0.01092,0.66
,,,-0.01091,0.66
,,,-0.0109,0.66
,,,-0.01089,0.68
,,,-0.01088,0.64
,,,-0.01087,0.66
,,,-0.01086,0.66
,,,-0.01085,0.66
,,,-0.01084,0.66
,,,-0.01083,0.66
,,,-0.01082,0.66
,,,-0.01081,0.68
,,,-0.0108,0.66
,,,-0.01079,0.66
,,,-0.01078,0.66
,,,-0.01077,0.66
,,,-0.01076,0.66
,,,-0.01075,0.68
,,,-0.01074,0.66
,,,-0.01073,0.66
,,,-0.01072,0.68
,,,-0.01071,0.66
,,,-0.0107,0.66
,,,-0.01069,0.66
,,,-0.01068,0.66
,,,-0.01067,0.66
,,,-0.01066,0.66
,,,-0.01065,0.66
,,,-0.01064,0.64
,,,-0.01063,0.68
,,,-0.01062,0.66
,,,-0.01061,0.66
,,,-0.0106,0.68
,,,-0.01059,0.66
,,,-0.01058,0.68
,,,-0.01057,0.68
,,,-0.01056,0.66
,,,-0.01055,0.68
,,,-0.01054,0.68
,,,-0.01053,0.66
,,,-0.01052,0.68
,,,-0.01051,0.66
,,,-0.0105,0.7
,,,-0.01049,0.66
,,,-0.01048,0.66
,,,-0.01047,0.68
,,,-0.01046,0.66
,,,-0.01045,0.68
,,,-0.01044,0.66
,,,-0.01043,0.68
,,,-0.01042,0.64
,,,-0.01041,0.66
,,,-0.0104,0.68
,,,-0.01039,0.68
,,,-0.01038,0.68
,,,-0.01037,0.68
,,,-0.01036,0.66
,,,-0.01035,0.68
,,,-0.01034,0.64
,,,-0.01033,0.66
,,,-0.01032,0.68
,,,-0.01031,0.66
,,,-0.0103,0.68
,,,-0.01029,0.66
,,,-0.01028,0.68
,,,-0.01027,0.68
,,,-0.01026,0.68
,,,-0.01025,0.66
,,,-0.01024,0.66
,,,-0.01023,0.68
,,,-0.01022,0.68
,,,-0.01021,0.68
,,,-0.0102,0.68
,,,-0.01019,0.66
,,,-0.01018,0.68
,,,-0.01017,0.66
,,,-0.01016,0.68
,,,-0.01015,0.68
,,,-0.01014,0.68
,,,-0.01013,0.68
,,,-0.01012,0.68
,,,-0.01011,0.68
,,,-0.0101,0.68
,,,-0.01009,0.68
,,,-0.01008,0.66
,,,-0.01007,0.66
,,,-0.01006,0.66
,,,-0.01005,0.66
,,,-0.01004,0.68
,,,-0.01003,0.68
,,,-0.01002,0.68
,,,-0.01001,0.66
,,,-0.01,0.68
,,,-0.00999,0.68
,,,-0.00998,0.66
,,,-0.00997,0.68
,,,-0.00996,0.68
,,,-0.00995,0.68
,,,-0.00994,0.68
,,,-0.00993,0.68
,,,-0.00992,0.7
,,,-0.00991,0.7
,,,-0.0099,0.68
,,,-0.00989,0.68
,,,-0.00988,0.68
,,,-0.00987,0.66
,,,-0.00986,0.68
,,,-0.00985,0.66
,,,-0.00984,0.68
,,,-0.00983,0.68
,,,-0.00982,0.68
,,,-0.00981,0.68
,,,-0.0098,0.68
,,,-0.00979,0.68
,,,-0.00978,0.68
,,,-0.00977,0.66
,,,-0.00976,0.66
,,,-0.00975,0.68
,,,-0.00974,0.7
,,,-0.00973,0.68
,,,-0.00972,0.68
,,,-0.00971,0.68
,,,-0.0097,0.68
,,,-0.00969,0.68
,,,-0.00968,0.7
,,,-0.00967,0.68
,,,-0.00966,0.7
,,,-0.00965,0.68
,,,-0.00964,0.68
,,,-0.00963,0.66
,,,-0.00962,0.68
,,,-0.00961,0.68
,,,-0.0096,0.7
,,,-0.00959,0.7
,,,-0.00958,0.7
,,,-0.00957,0.66
,,,-0.00956,0.68
,,,-0.00955,0.66
,,,-0.00954,0.68
,,,-0.00953,0.66
,,,-0.00952,0.66
,,,-0.00951,0.68
,,,-0.0095,0.66
,,,-0.00949,0.68
,,,-0.00948,0.68
,,,-0.00947,0.68
,,,-0.00946,0.66
,,,-0.00945,0.68
,,,-0.00944,0.68
,,,-0.00943,0.7
,,,-0.00942,0.7
,,,-0.00941,0.68
,,,-0.0094,0.68
,,,-0.00939,0.7
,,,-0.00938,0.7
,,,-0.00937,0.7
,,,-0.00936,0.68
,,,-0.00935,0.68
,,,-0.00934,0.7
,,,-0.00933,0.7
,,,-0.00932,0.66
,,,-0.00931,0.68
,,,-0.0093,0.7
,,,-0.00929,0.66
,,,-0.00928,0.68
,,,-0.00927,0.68
,,,-0.00926,0.68
,,,-0.00925,0.68
,,,-0.00924,0.68
,,,-0.00923,0.68
,,,-0.00922,0.7
,,,-0.00921,0.7
,,,-0.0092,0.7
,,,-0.00919,0.68
,,,-0.00918,0.68
,,,-0.00917,0.68
,,,-0.00916,0.68
,,,-0.00915,0.68
,,,-0.00914,0.66
,,,-0.00913,0.7
,,,-0.00912,0.68
,,,-0.00911,0.68
,,,-0.0091,0.7
,,,-0.00909,0.7
,,,-0.00908,0.68
,,,-0.00907,0.68
,,,-0.00906,0.7
,,,-0.00905,0.7
,,,-0.00904,0.7
,,,-0.00903,0.68
,,,-0.00902,0.68
,,,-0.00901,0.7
,,,-0.009,0.68
,,,-0.00899,0.7
,,,-0.00898,0.7
,,,-0.00897,0.68
,,,-0.00896,0.68
,,,-0.00895,0.68
,,,-0.00894,0.68
,,,-0.00893,0.68
,,,-0.00892,0.7
,,,-0.00891,0.68
,,,-0.0089,0.7
,,,-0.00889,0.68
,,,-0.00888,0.68
,,,-0.00887,0.7
,,,-0.00886,0.68
,,,-0.00885,0.68
,,,-0.00884,0.68
,,,-0.00883,0.68
,,,-0.00882,0.7
,,,-0.00881,0.68
,,,-0.0088,0.68
,,,-0.00879,0.7
,,,-0.00878,0.7
,,,-0.00877,0.68
,,,-0.00876,0.7
,,,-0.00875,0.72
,,,-0.00874,0.68
,,,-0.00873,0.68
,,,-0.00872,0.68
,,,-0.00871,0.7
,,,-0.0087,0.68
,,,-0.00869,0.68
,,,-0.00868,0.7
,,,-0.00867,0.68
,,,-0.00866,0.7
,,,-0.00865,0.68
,,,-0.00864,0.68
,,,-0.00863,0.68
,,,-0.00862,0.68
,,,-0.00861,0.7
,,,-0.0086,0.68
,,,-0.00859,0.68
,,,-0.00858,0.7
,,,-0.00857,0.7
,,,-0.00856,0.68
,,,-0.00855,0.7
,,,-0.00854,0.68
,,,-0.00853,0.68
,,,-0.00852,0.7
,,,-0.00851,0.68
,,,-0.0085,0.7
,,,-0.00849,0.68
,,,-0.00848,0.68
,,,-0.00847,0.7
,,,-0.00846,0.68
,,,-0.00845,0.68
,,,-0.00844,0.7
,,,-0.00843,0.68
,,,-0.00842,0.7
,,,-0.00841,0.7
,,,-0.0084,0.7
,,,-0.00839,0.68
,,,-0.00838,0.68
,,,-0.00837,0.7
,,,-0.00836,0.7
,,,-0.00835,0.7
,,,-0.00834,0.68
,,,-0.00833,0.68
,,,-0.00832,0.68
,,,-0.00831,0.7
,,,-0.0083,0.7
,,,-0.00829,0.7
,,,-0.00828,0.66
,,,-0.00827,0.68
,,,-0.00826,0.7
,,,-0.00825,0.7
,,,-0.00824,0.68
,,,-0.00823,0.68
,,,-0.00822,0.7
,,,-0.00821,0.7
,,,-0.0082,0.7
,,,-0.00819,0.72
,,,-0.00818,0.7
,,,-0.00817,0.7
,,,-0.00816,0.7
,,,-0.00815,0.68
,,,-0.00814,0.7
,,,-0.00813,0.72
,,,-0.00812,0.68
,,,-0.00811,0.7
,,,-0.0081,0.7
,,,-0.00809,0.7
,,,-0.00808,0.7
,,,-0.00807,0.7
,,,-0.00806,0.68
,,,-0.00805,0.7
,,,-0.00804,0.72
,,,-0.00803,0.72
,,,-0.00802,0.68
,,,-0.00801,0.7
,,,-0.008,0.66
,,,-0.00799,0.68
,,,-0.00798,0.68
,,,-0.00797,0.68
,,,-0.00796,0.72
,,,-0.00795,0.68
,,,-0.00794,0.68
,,,-0.00793,0.7
,,,-0.00792,0.68
,,,-0.00791,0.7
,,,-0.0079,0.72
,,,-0.00789,0.7
,,,-0.00788,0.72
,,,-0.00787,0.7
,,,-0.00786,0.72
,,,-0.00785,0.7
,,,-0.00784,0.72
,,,-0.00783,0.7
,,,-0.00782,0.68
,,,-0.00781,0.7
,,,-0.0078,0.7
,,,-0.00779,0.72
,,,-0.00778,0.72
,,,-0.00777,0.7
,,,-0.00776,0.7
,,,-0.00775,0.7
,,,-0.00774,0.68
,,,-0.00773,0.7
,,,-0.00772,0.7
,,,-0.00771,0.7
,,,-0.0077,0.72
,,,-0.00769,0.68
,,,-0.00768,0.7
,,,-0.00767,0.7
,,,-0.00766,0.7
,,,-0.00765,0.7
,,,-0.00764,0.68
,,,-0.00763,0.72
,,,-0.00762,0.7
,,,-0.00761,0.68
,,,-0.0076,0.7
,,,-0.00759,0.7
,,,-0.00758,0.68
,,,-0.00757,0.7
,,,-0.00756,0.7
,,,-0.00755,0.72
,,,-0.00754,0.7
,,,-0.00753,0.72
,,,-0.00752,0.7
,,,-0.00751,0.7
,,,-0.0075,0.7
,,,-0.00749,0.7
,,,-0.00748,0.7
,,,-0.00747,0.7
,,,-0.00746,0.72
,,,-0.00745,0.7
,,,-0.00744,0.7
,,,-0.00743,0.7
,,,-0.00742,0.72
,,,-0.00741,0.72
,,,-0.0074,0.7
,,,-0.00739,0.7
,,,-0.00738,0.68
,,,-0.00737,0.7
,,,-0.00736,0.7
,,,-0.00735,0.7
,,,-0.00734,0.7
,,,-0.00733,0.68
,,,-0.00732,0.72
,,,-0.00731,0.7
,,,-0.0073,0.7
,,,-0.00729,0.7
,,,-0.00728,0.7
,,,-0.00727,0.7
,,,-0.00726,0.7
,,,-0.00725,0.7
,,,-0.00724,0.72
,,,-0.00723,0.68
,,,-0.00722,0.72
,,,-0.00721,0.7
,,,-0.0072,0.72
,,,-0.00719,0.7
,,,-0.00718,0.72
,,,-0.00717,0.7
,,,-0.00716,0.72
,,,-0.00715,0.7
,,,-0.00714,0.72
,,,-0.00713,0.7
,,,-0.00712,0.7
,,,-0.00711,0.7
,,,-0.0071,0.7
,,,-0.00709,0.72
,,,-0.00708,0.74
,,,-0.00707,0.68
,,,-0.00706,0.72
,,,-0.00705,0.7
,,,-0.00704,0.7
,,,-0.00703,0.7
,,,-0.00702,0.7
,,,-0.00701,0.72
,,,-0.007,0.72
,,,-0.00699,0.7
,,,-0.00698,0.7
,,,-0.00697,0.7
,,,-0.00696,0.7
,,,-0.00695,0.7
,,,-0.00694,0.72
,,,-0.00693,0.7
,,,-0.00692,0.72
,,,-0.00691,0.7
,,,-0.0069,0.7
,,,-0.00689,0.7
,,,-0.00688,0.72
,,,-0.00687,0.72
,,,-0.00686,0.7
,,,-0.00685,0.68
,,,-0.00684,0.7
,,,-0.00683,0.72
,,,-0.00682,0.7
,,,-0.00681,0.7
,,,-0.0068,0.72
,,,-0.00679,0.7
,,,-0.00678,0.7
,,,-0.00677,0.7
,,,-0.00676,0.72
,,,-0.00675,0.7
,,,-0.00674,0.7
,,,-0.00673,0.7
,,,-0.00672,0.7
,,,-0.00671,0.7
,,,-0.0067,0.7
,,,-0.00669,0.7
,,,-0.00668,0.7
,,,-0.00667,0.7
,,,-0.00666,0.7
,,,-0.00665,0.72
,,,-0.00664,0.72
,,,-0.00663,0.7
,,,-0.00662,0.7
,,,-0.00661,0.7
,,,-0.0066,0.7
,,,-0.00659,0.72
,,,-0.00658,0.72
,,,-0.00657,0.7
,,,-0.00656,0.72
,,,-0.00655,0.72
,,,-0.00654,0.7
,,,-0.00653,0.72
,,,-0.00652,0.72
,,,-0.00651,0.7
,,,-0.0065,0.72
,,,-0.00649,0.7
,,,-0.00648,0.72
,,,-0.00647,0.72
,,,-0.00646,0.7
,,,-0.00645,0.72
,,,-0.00644,0.7
,,,-0.00643,0.7
,,,-0.00642,0.7
,,,-0.00641,0.72
,,,-0.0064,0.7
,,,-0.00639,0.72
,,,-0.00638,0.7
,,,-0.00637,0.72
,,,-0.00636,0.72
,,,-0.00635,0.72
,,,-0.00634,0.7
,,,-0.00633,0.72
,,,-0.00632,0.7
,,,-0.00631,0.7
,,,-0.0063,0.72
,,,-0.00629,0.72
,,,-0.00628,0.7
,,,-0.00627,0.72
,,,-0.00626,0.7
,,,-0.00625,0.7
,,,-0.00624,0.7
,,,-0.00623,0.72
,,,-0.00622,0.72
,,,-0.00621,0.7
,,,-0.0062,0.7
,,,-0.00619,0.72
,,,-0.00618,0.7
,,,-0.00617,0.7
,,,-0.00616,0.7
,,,-0.00615,0.7
,,,-0.00614,0.72
,,,-0.00613,0.72
,,,-0.00612,0.7
,,,-0.00611,0.7
,,,-0.0061,0.7
,,,-0.00609,0.7
,,,-0.00608,0.7
,,,-0.00607,0.72
,,,-0.00606,0.72
,,,-0.00605,0.72
,,,-0.00604,0.7
,,,-0.00603,0.72
,,,-0.00602,0.72
,,,-0.00601,0.74
,,,-0.006,0.7
,,,-0.00599,0.72
,,,-0.00598,0.7
,,,-0.00597,0.72
,,,-0.00596,0.7
,,,-0.00595,0.7
,,,-0.00594,0.7
,,,-0.00593,0.72
,,,-0.00592,0.7
,,,-0.00591,0.7
,,,-0.0059,0.72
,,,-0.00589,0.7
,,,-0.00588,0.74
,,,-0.00587,0.7
,,,-0.00586,0.72
,,,-0.00585,0.7
,,,-0.00584,0.72
,,,-0.00583,0.7
,,,-0.00582,0.72
,,,-0.00581,0.7
,,,-0.0058,0.72
,,,-0.00579,0.7
,,,-0.00578,0.72
,,,-0.00577,0.7
,,,-0.00576,0.72
,,,-0.00575,0.72
,,,-0.00574,0.72
,,,-0.00573,0.7
,,,-0.00572,0.72
,,,-0.00571,0.72
,,,-0.0057,0.72
,,,-0.00569,0.72
,,,-0.00568,0.72
,,,-0.00567,0.7
,,,-0.00566,0.72
,,,-0.00565,0.7
,,,-0.00564,0.72
,,,-0.00563,0.7
,,,-0.00562,0.7
,,,-0.00561,0.7
,,,-0.0056,0.7
,,,-0.00559,0.7
,,,-0.00558,0.7
,,,-0.00557,0.72
,,,-0.00556,0.74
,,,-0.00555,0.7
,,,-0.00554,0.72
,,,-0.00553,0.72
,,,-0.00552,0.7
,,,-0.00551,0.72
,,,-0.0055,0.7
,,,-0.00549,0.7
,,,-0.00548,0.72
,,,-0.00547,0.72
,,,-0.00546,0.72
,,,-0.00545,0.7
,,,-0.00544,0.72
,,,-0.00543,0.72
,,,-0.00542,0.72
,,,-0.00541,0.7
,,,-0.0054,0.72
,,,-0.00539,0.72
,,,-0.00538,0.7
,,,-0.00537,0.72
,,,-0.00536,0.72
,,,-0.00535,0.7
,,,-0.00534,0.72
,,,-0.00533,0.74
,,,-0.00532,0.72
,,,-0.00531,0.7
,,,-0.0053,0.7
,,,-0.00529,0.72
,,,-0.00528,0.72
,,,-0.00527,0.72
,,,-0.00526,0.72
,,,-0.00525,0.72
,,,-0.00524,0.72
,,,-0.00523,0.72
,,,-0.00522,0.72
,,,-0.00521,0.7
,,,-0.0052,0.72
,,,-0.00519,0.72
,,,-0.00518,0.7
,,,-0.00517,0.72
,,,-0.00516,0.7
,,,-0.00515,0.72
,,,-0.00514,0.7
,,,-0.00513,0.72
,,,-0.00512,0.74
,,,-0.00511,0.72
,,,-0.0051,0.72
,,,-0.00509,0.72
,,,-0.00508,0.7
,,,-0.00507,0.72
,,,-0.00506,0.72
,,,-0.00505,0.74
,,,-0.00504,0.72
,,,-0.00503,0.72
,,,-0.00502,0.72
,,,-0.00501,0.72
,,,-0.005,0.72
,,,-0.00499,0.72
,,,-0.00498,0.72
,,,-0.00497,0.72
,,,-0.00496,0.72
,,,-0.00495,0.7
,,,-0.00494,0.72
,,,-0.00493,0.7
,,,-0.00492,0.7
,,,-0.00491,0.72
,,,-0.0049,0.72
,,,-0.00489,0.72
,,,-0.00488,0.74
,,,-0.00487,0.7
,,,-0.00486,0.7
,,,-0.00485,0.7
,,,-0.00484,0.72
,,,-0.00483,0.74
,,,-0.00482,0.72
,,,-0.00481,0.72
,,,-0.0048,0.7
,,,-0.00479,0.74
,,,-0.00478,0.72
,,,-0.00477,0.72
,,,-0.00476,0.7
,,,-0.00475,0.72
,,,-0.00474,0.7
,,,-0.00473,0.72
,,,-0.00472,0.72
,,,-0.00471,0.7
,,,-0.0047,0.72
,,,-0.00469,0.7
,,,-0.00468,0.72
,,,-0.00467,0.7
,,,-0.00466,0.74
,,,-0.00465,0.72
,,,-0.00464,0.7
,,,-0.00463,0.7
,,,-0.00462,0.72
,,,-0.00461,0.7
,,,-0.0046,0.72
,,,-0.00459,0.68
,,,-0.00458,0.7
,,,-0.00457,0.72
,,,-0.00456,0.72
,,,-0.00455,0.7
,,,-0.00454,0.72
,,,-0.00453,0.72
,,,-0.00452,0.7
,,,-0.00451,0.72
,,,-0.0045,0.72
,,,-0.00449,0.7
,,,-0.00448,0.72
,,,-0.00447,0.72
,,,-0.00446,0.72
,,,-0.00445,0.7
,,,-0.00444,0.72
,,,-0.00443,0.72
,,,-0.00442,0.72
,,,-0.00441,0.7
,,,-0.0044,0.7
,,,-0.00439,0.72
,,,-0.00438,0.72
,,,-0.00437,0.7
,,,-0.00436,0.7
,,,-0.00435,0.7
,,,-0.00434,0.72
,,,-0.00433,0.7
,,,-0.00432,0.7
,,,-0.00431,0.7
,,,-0.0043,0.7
,,,-0.00429,0.72
,,,-0.00428,0.68
,,,-0.00427,0.72
,,,-0.00426,0.7
,,,-0.00425,0.72
,,,-0.00424,0.7
,,,-0.00423,0.68
,,,-0.00422,0.68
,,,-0.00421,0.7
,,,-0.0042,0.7
,,,-0.00419,0.7
,,,-0.00418,0.7
,,,-0.00417,0.7
,,,-0.00416,0.72
,,,-0.00415,0.7
,,,-0.00414,0.7
,,,-0.00413,0.7
,,,-0.00412,0.72
,,,-0.00411,0.7
,,,-0.0041,0.7
,,,-0.00409,0.7
,,,-0.00408,0.7
,,,-0.00407,0.7
,,,-0.00406,0.72
,,,-0.00405,0.7
,,,-0.00404,0.7
,,,-0.00403,0.7
,,,-0.00402,0.68
,,,-0.00401,0.7
,,,-0.004,0.68
,,,-0.00399,0.7
,,,-0.00398,0.7
,,,-0.00397,0.7
,,,-0.00396,0.7
,,,-0.00395,0.68
,,,-0.00394,0.72
,,,-0.00393,0.7
,,,-0.00392,0.68
,,,-0.00391,0.7
,,,-0.0039,0.7
,,,-0.00389,0.68
,,,-0.00388,0.7
,,,-0.00387,0.7
,,,-0.00386,0.7
,,,-0.00385,0.68
,,,-0.00384,0.7
,,,-0.00383,0.7
,,,-0.00382,0.68
,,,-0.00381,0.68
,,,-0.0038,0.7
,,,-0.00379,0.68
,,,-0.00378,0.68
,,,-0.00377,0.7
,,,-0.00376,0.7
,,,-0.00375,0.68
,,,-0.00374,0.68
,,,-0.00373,0.68
,,,-0.00372,0.7
,,,-0.00371,0.7
,,,-0.0037,0.7
,,,-0.00369,0.68
,,,-0.00368,0.68
,,,-0.00367,0.68
,,,-0.00366,0.7
,,,-0.00365,0.68
,,,-0.00364,0.68
,,,-0.00363,0.7
,,,-0.00362,0.66
,,,-0.00361,0.68
,,,-0.0036,0.66
,,,-0.00359,0.7
,,,-0.00358,0.7
,,,-0.00357,0.68
,,,-0.00356,0.7
,,,-0.00355,0.68
,,,-0.00354,0.68
,,,-0.00353,0.68
,,,-0.00352,0.68
,,,-0.00351,0.66
,,,-0.0035,0.68
,,,-0.00349,0.68
,,,-0.00348,0.68
,,,-0.00347,0.68
,,,-0.00346,0.68
,,,-0.00345,0.68
,,,-0.00344,0.66
,,,-0.00343,0.68
,,,-0.00342,0.66
,,,-0.00341,0.68
,,,-0.0034,0.68
,,,-0.00339,0.68
,,,-0.00338,0.7
,,,-0.00337,0.68
,,,-0.00336,0.68
,,,-0.00335,0.66
,,,-0.00334,0.68
,,,-0.00333,0.7
,,,-0.00332,0.68
,,,-0.00331,0.68
,,,-0.0033,0.66
,,,-0.00329,0.68
,,,-0.00328,0.66
,,,-0.00327,0.68
,,,-0.00326,0.68
,,,-0.00325,0.68
,,,-0.00324,0.68
,,,-0.00323,0.68
,,,-0.00322,0.68
,,,-0.00321,0.7
,,,-0.0032,0.68
,,,-0.00319,0.66
,,,-0.00318,0.66
,,,-0.00317,0.64
,,,-0.00316,0.68
,,,-0.00315,0.68
,,,-0.00314,0.68
,,,-0.00313,0.66
,,,-0.00312,0.68
,,,-0.00311,0.68
,,,-0.0031,0.66
,,,-0.00309,0.68
,,,-0.00308,0.68
,,,-0.00307,0.68
,,,-0.00306,0.68
,,,-0.00305,0.68
,,,-0.00304,0.66
,,,-0.00303,0.68
,,,-0.00302,0.68
,,,-0.00301,0.66
,,,-0.003,0.66
,,,-0.00299,0.68
,,,-0.00298,0.66
,,,-0.00297,0.66
,,,-0.00296,0.66
,,,-0.00295,0.66
,,,-0.00294,0.68
,,,-0.00293,0.66
,,,-0.00292,0.66
,,,-0.00291,0.68
,,,-0.0029,0.68
,,,-0.00289,0.66
,,,-0.00288,0.68
,,,-0.00287,0.68
,,,-0.00286,0.66
,,,-0.00285,0.66
,,,-0.00284,0.68
,,,-0.00283,0.66
,,,-0.00282,0.68
,,,-0.00281,0.68
,,,-0.0028,0.66
,,,-0.00279,0.66
,,,-0.00278,0.68
,,,-0.00277,0.68
,,,-0.00276,0.64
,,,-0.00275,0.68
,,,-0.00274,0.68
,,,-0.00273,0.68
,,,-0.00272,0.68
,,,-0.00271,0.66
,,,-0.0027,0.66
,,,-0.00269,0.66
,,,-0.00268,0.66
,,,-0.00267,0.66
,,,-0.00266,0.66
,,,-0.00265,0.66
,,,-0.00264,0.66
,,,-0.00263,0.66
,,,-0.00262,0.66
,,,-0.00261,0.66
,,,-0.0026,0.66
,,,-0.00259,0.68
,,,-0.00258,0.66
,,,-0.00257,0.64
,,,-0.00256,0.68
,,,-0.00255,0.68
,,,-0.00254,0.64
,,,-0.00253,0.68
,,,-0.00252,0.66
,,,-0.00251,0.66
,,,-0.0025,0.66
,,,-0.00249,0.66
,,,-0.00248,0.66
,,,-0.00247,0.66
,,,-0.00246,0.64
,,,-0.00245,0.64
,,,-0.00244,0.66
,,,-0.00243,0.66
,,,-0.00242,0.66
,,,-0.00241,0.68
,,,-0.0024,0.66
,,,-0.00239,0.66
,,,-0.00238,0.64
,,,-0.00237,0.68
,,,-0.00236,0.66
,,,-0.00235,0.68
,,,-0.00234,0.66
,,,-0.00233,0.68
,,,-0.00232,0.66
,,,-0.00231,0.66
,,,-0.0023,0.66
,,,-0.00229,0.66
,,,-0.00228,0.66
,,,-0.00227,0.64
,,,-0.00226,0.66
,,,-0.00225,0.66
,,,-0.00224,0.66
,,,-0.00223,0.64
,,,-0.00222,0.66
,,,-0.00221,0.66
,,,-0.0022,0.64
,,,-0.00219,0.66
,,,-0.00218,0.64
,,,-0.00217,0.66
,,,-0.00216,0.66
,,,-0.00215,0.66
,,,-0.00214,0.64
,,,-0.00213,0.64
,,,-0.00212,0.66
,,,-0.00211,0.66
,,,-0.0021,0.66
,,,-0.00209,0.66
,,,-0.00208,0.66
,,,-0.00207,0.66
,,,-0.00206,0.66
,,,-0.00205,0.66
,,,-0.00204,0.66
,,,-0.00203,0.64
,,,-0.00202,0.66
,,,-0.00201,0.66
,,,-0.002,0.66
,,,-0.00199,0.66
,,,-0.00198,0.64
,,,-0.00197,0.66
,,,-0.00196,0.66
,,,-0.00195,0.64
,,,-0.00194,0.64
,,,-0.00193,0.64
,,,-0.00192,0.66
,,,-0.00191,0.66
,,,-0.0019,0.64
,,,-0.00189,0.64
,,,-0.00188,0.66
,,,-0.00187,0.66
,,,-0.00186,0.66
,,,-0.00185,0.66
,,,-0.00184,0.66
,,,-0.00183,0.66
,,,-0.00182,0.66
,,,-0.00181,0.66
,,,-0.0018,0.66
,,,-0.00179,0.64
,,,-0.00178,0.68
,,,-0.00177,0.64
,,,-0.00176,0.66
,,,-0.00175,0.66
,,,-0.00174,0.66
,,,-0.00173,0.66
,,,-0.00172,0.66
,,,-0.00171,0.64
,,,-0.0017,0.64
,,,-0.00169,0.64
,,,-0.00168,0.64
,,,-0.00167,0.64
,,,-0.00166,0.66
,,,-0.00165,0.66
,,,-0.00164,0.66
,,,-0.00163,0.66
,,,-0.00162,0.64
,,,-0.00161,0.68
,,,-0.0016,0.66
,,,-0.00159,0.64
,,,-0.00158,0.64
,,,-0.00157,0.66
,,,-0.00156,0.68
,,,-0.00155,0.64
,,,-0.00154,0.64
,,,-0.00153,0.66
,,,-0.00152,0.66
,,,-0.00151,0.66
,,,-0.0015,0.64
,,,-0.00149,0.66
,,,-0.00148,0.68
,,,-0.00147,0.66
,,,-0.00146,0.64
,,,-0.00145,0.66
,,,-0.00144,0.66
,,,-0.00143,0.66
,,,-0.00142,0.66
,,,-0.00141,0.64
,,,-0.0014,0.66
,,,-0.00139,0.64
,,,-0.00138,0.64
,,,-0.00137,0.66
,,,-0.00136,0.64
,,,-0.00135,0.66
,,,-0.00134,0.66
,,,-0.00133,0.64
,,,-0.00132,0.66
,,,-0.00131,0.66
,,,-0.0013,0.66
,,,-0.00129,0.64
,,,-0.00128,0.68
,,,-0.00127,0.64
,,,-0.00126,0.64
,,,-0.00125,0.66
,,,-0.00124,0.66
,,,-0.00123,0.64
,,,-0.00122,0.66
,,,-0.00121,0.66
,,,-0.0012,0.66
,,,-0.00119,0.68
,,,-0.00118,0.66
,,,-0.00117,0.66
,,,-0.00116,0.66
,,,-0.00115,0.66
,,,-0.00114,0.66
,,,-0.00113,0.66
,,,-0.00112,0.64
,,,-0.00111,0.66
,,,-0.0011,0.66
,,,-0.00109,0.66
,,,-0.00108,0.66
,,,-0.00107,0.66
,,,-0.00106,0.68
,,,-0.00105,0.66
,,,-0.00104,0.66
,,,-0.00103,0.66
,,,-0.00102,0.64
,,,-0.00101,0.66
,,,-0.001,0.66
,,,-0.00099,0.66
,,,-0.00098,0.66
,,,-0.00097,0.66
,,,-0.00096,0.66
,,,-0.00095,0.66
,,,-0.00094,0.64
,,,-0.00093,0.68
,,,-0.00092,0.68
,,,-0.00091,0.68
,,,-0.0009,0.66
,,,-0.00089,0.66
,,,-0.00088,0.68
,,,-0.00087,0.68
,,,-0.00086,0.68
,,,-0.00085,0.68
,,,-0.00084,0.66
,,,-0.00083,0.66
,,,-0.00082,0.66
,,,-0.00081,0.66
,,,-0.0008,0.66
,,,-0.00079,0.66
,,,-0.00078,0.66
,,,-0.00077,0.66
,,,-0.00076,0.68
,,,-0.00075,0.68
,,,-0.00074,0.66
,,,-0.00073,0.66
,,,-0.00072,0.68
,,,-0.00071,0.66
,,,-0.0007,0.66
,,,-0.00069,0.66
,,,-0.00068,0.66
,,,-0.00067,0.66
,,,-0.00066,0.68
,,,-0.00065,0.66
,,,-0.00064,0.66
,,,-0.00063,0.66
,,,-0.00062,0.66
,,,-0.00061,0.68
,,,-0.0006,0.66
,,,-0.00059,0.68
,,,-0.00058,0.66
,,,-0.00057,0.68
,,,-0.00056,0.68
,,,-0.00055,0.66
,,,-0.00054,0.66
,,,-0.00053,0.66
,,,-0.00052,0.68
,,,-0.00051,0.66
,,,-0.0005,0.66
,,,-0.00049,0.68
,,,-0.00048,0.66
,,,-0.00047,0.66
,,,-0.00046,0.66
,,,-0.00045,0.68
,,,-0.00044,0.68
,,,-0.00043,0.66
,,,-0.00042,0.68
,,,-0.00041,0.66
,,,-0.0004,0.68
,,,-0.00039,0.68
,,,-0.00038,0.66
,,,-0.00037,0.66
,,,-0.00036,0.66
,,,-0.00035,0.68
,,,-0.00034,0.66
,,,-0.00033,0.66
,,,-0.00032,0.66
,,,-0.00031,0.7
,,,-0.0003,0.66
,,,-0.00029,0.66
,,,-0.00028,0.66
,,,-0.00027,0.68
,,,-0.00026,0.68
,,,-0.00025,0.68
,,,-0.00024,0.66
,,,-0.00023,0.68
,,,-0.00022,0.68
,,,-0.00021,0.68
,,,-0.0002,0.66
,,,-0.00019,0.66
,,,-0.00018,0.66
,,,-0.00017,0.66
,,,-0.00016,0.66
,,,-0.00015,0.68
,,,-0.00014,0.68
,,,-0.00013,0.68
,,,-0.00012,0.66
,,,-0.00011,0.68
,,,-0.0001,0.66
,,,-0.00009,0.66
,,,-0.00008,0.68
,,,-0.00007,0.66
,,,-0.00006,0.68
,,,-0.00005,0.66
,,,-0.00004,0.7
,,,-0.00003,0.68
,,,-0.00002,0.74
,,,-0.00001,1.16
,,,0,4.04
,,,0.00001,4.04
,,,0.00002,4.04
,,,0.00003,4.04
,,,0.00004,4.04
,,,0.00005,4.04
,,,0.00006,4.04
,,,0.00007,4.04
,,,0.00008,4.04
,,,0.00009,4.04
,,,0.0001,4.04
,,,0.00011,4.04
,,,0.00012,4.04
,,,0.00013,4.04
,,,0.00014,4.04
,,,0.00015,4.04
,,,0.00016,4.04
,,,0.00017,4.04
,,,0.00018,4.04
,,,0.00019,4.04
,,,0.0002,4.04
,,,0.00021,4.04
,,,0.00022,4.04
,,,0.00023,4.04
,,,0.00024,4.04
,,,0.00025,4.04
,,,0.00026,4.04
,,,0.00027,4.04
,,,0.00028,4.04
,,,0.00029,4.04
,,,0.0003,4.04
,,,0.00031,4.04
,,,0.00032,4.04
,,,0.00033,4.04
,,,0.00034,4.04
,,,0.00035,4.04
,,,0.00036,4.04
,,,0.00037,4.04
,,,0.00038,4.04
,,,0.00039,4.04
,,,0.0004,4.04
,,,0.00041,4.04
,,,0.00042,4.04
,,,0.00043,4.04
,,,0.00044,4.04
,,,0.00045,4.04
,,,0.00046,4.04
,,,0.00047,4.04
,,,0.00048,4.04
,,,0.00049,4.04
,,,0.0005,4.04
,,,0.00051,4.04
,,,0.00052,4.04
,,,0.00053,4.04
,,,0.00054,4.04
,,,0.00055,4.04
,,,0.00056,4.04
,,,0.00057,4.04
,,,0.00058,4.04
,,,0.00059,4.04
,,,0.0006,4.04
,,,0.00061,4.04
,,,0.00062,4.04
,,,0.00063,4.04
,,,0.00064,4.04
,,,0.00065,4.04
,,,0.00066,4.04
,,,0.00067,4.04
,,,0.00068,4.04
,,,0.00069,4.04
,,,0.0007,4.04
,,,0.00071,4.04
,,,0.00072,4.04
,,,0.00073,4.04
,,,0.00074,4.04
,,,0.00075,4.04
,,,0.00076,4.04
,,,0.00077,4.04
,,,0.00078,4.04
,,,0.00079,4.04
,,,0.0008,4.04
,,,0.00081,4.04
,,,0.00082,4.04
,,,0.00083,4.04
,,,0.00084,4.04
,,,0.00085,4.04
,,,0.00086,4.04
,,,0.00087,4.04
,,,0.00088,3.98
,,,0.00089,3.76
,,,0.0009,3.6
,,,0.00091,3.42
,,,0.00092,3.28
,,,0.00093,3.1
,,,0.00094,2.96
,,,0.00095,2.84
,,,0.00096,2.68
,,,0.00097,2.56
,,,0.00098,2.46
,,,0.00099,2.36
,,,0.001,2.24
,,,0.00101,2.16
,,,0.00102,2.08
,,,0.00103,1.96
,,,0.00104,1.9
,,,0.00105,1.84
,,,0.00106,1.74
,,,0.00107,1.68
,,,0.00108,1.64
,,,0.00109,1.58
,,,0.0011,1.5
,,,0.00111,1.48
,,,0.00112,1.44
,,,0.00113,1.38
,,,0.00114,1.34
,,,0.00115,1.3
,,,0.00116,1.24
,,,0.00117,1.22
,,,0.00118,1.18
,,,0.00119,1.16
,,,0.0012,1.14
,,,0.00121,1.12
,,,0.00122,1.08
,,,0.00123,1.06
,,,0.00124,1.04
,,,0.00125,1.02
,,,0.00126,0.98
,,,0.00127,0.98
,,,0.00128,0.96
,,,0.00129,0.96
,,,0.0013,0.92
,,,0.00131,0.94
,,,0.00132,0.92
,,,0.00133,0.88
,,,0.00134,0.86
,,,0.00135,0.86
,,,0.00136,0.84
,,,0.00137,0.86
,,,0.00138,0.84
,,,0.00139,0.84
,,,0.0014,0.82
,,,0.00141,0.8
,,,0.00142,0.82
,,,0.00143,0.78
,,,0.00144,0.78
,,,0.00145,0.78
,,,0.00146,0.8
,,,0.00147,0.76
,,,0.00148,0.78
,,,0.00149,0.76
,,,0.0015,0.78
,,,0.00151,0.76
,,,0.00152,0.74
,,,0.00153,0.76
,,,0.00154,0.76
,,,0.00155,0.76
,,,0.00156,0.74
,,,0.00157,0.74
,,,0.00158,0.72
,,,0.00159,0.72
,,,0.0016,0.74
,,,0.00161,0.72
,,,0.00162,0.74
,,,0.00163,0.72
,,,0.00164,0.72
,,,0.00165,0.72
,,,0.00166,0.7
,,,0.00167,0.72
,,,0.00168,0.72
,,,0.00169,0.72
,,,0.0017,0.7
,,,0.00171,0.72
,,,0.00172,0.7
,,,0.00173,0.7
,,,0.00174,0.7
,,,0.00175,0.74
,,,0.00176,0.72
,,,0.00177,0.72
,,,0.00178,0.72
,,,0.00179,0.72
,,,0.0018,0.7
,,,0.00181,0.7
,,,0.00182,0.72
,,,0.00183,0.72
,,,0.00184,0.72
,,,0.00185,0.72
,,,0.00186,0.72
,,,0.00187,0.68
,,,0.00188,0.7
,,,0.00189,0.7
,,,0.0019,0.68
,,,0.00191,0.7
,,,0.00192,0.7
,,,0.00193,0.7
,,,0.00194,0.72
,,,0.00195,0.72
,,,0.00196,0.68
,,,0.00197,0.72
,,,0.00198,0.7
,,,0.00199,0.7
,,,0.002,0.7
,,,0.00201,0.7
,,,0.00202,0.7
,,,0.00203,0.72
,,,0.00204,0.72
,,,0.00205,0.68
,,,0.00206,0.7
,,,0.00207,0.7
,,,0.00208,0.72
,,,0.00209,0.7
,,,0.0021,0.7
,,,0.00211,0.7
,,,0.00212,0.72
,,,0.00213,0.72
,,,0.00214,0.72
,,,0.00215,0.72
,,,0.00216,0.7
,,,0.00217,0.7
,,,0.00218,0.7
,,,0.00219,0.72
,,,0.0022,0.7
,,,0.00221,0.7
,,,0.00222,0.7
,,,0.00223,0.7
,,,0.00224,0.7
,,,0.00225,0.7
,,,0.00226,0.7
,,,0.00227,0.7
,,,0.00228,0.7
,,,0.00229,0.7
,,,0.0023,0.7
,,,0.00231,0.68
,,,0.00232,0.7
,,,0.00233,0.7
,,,0.00234,0.72
,,,0.00235,0.7
,,,0.00236,0.68
,,,0.00237,0.72
,,,0.00238,0.72
,,,0.00239,0.7
,,,0.0024,0.72
,,,0.00241,0.7
,,,0.00242,0.7
,,,0.00243,0.68
,,,0.00244,0.7
,,,0.00245,0.7
,,,0.00246,0.72
,,,0.00247,0.7
,,,0.00248,0.7
,,,0.00249,0.7
,,,0.0025,0.7
,,,0.00251,0.7
,,,0.00252,0.7
,,,0.00253,0.7
,,,0.00254,0.7
,,,0.00255,0.7
,,,0.00256,0.72
,,,0.00257,0.7
,,,0.00258,0.7
,,,0.00259,0.7
,,,0.0026,0.68
,,,0.00261,0.7
,,,0.00262,0.72
,,,0.00263,0.7
,,,0.00264,0.7
,,,0.00265,0.72
,,,0.00266,0.7
,,,0.00267,0.68
,,,0.00268,0.7
,,,0.00269,0.7
,,,0.0027,0.72
,,,0.00271,0.7
,,,0.00272,0.7
,,,0.00273,0.72
,,,0.00274,0.7
,,,0.00275,0.7
,,,0.00276,0.72
,,,0.00277,0.7
,,,0.00278,0.74
,,,0.00279,0.72
,,,0.0028,0.72
,,,0.00281,0.7
,,,0.00282,0.72
,,,0.00283,0.7
,,,0.00284,0.7
,,,0.00285,0.7
,,,0.00286,0.7
,,,0.00287,0.72
,,,0.00288,0.7
,,,0.00289,0.7
,,,0.0029,0.72
,,,0.00291,0.7
,,,0.00292,0.7
,,,0.00293,0.72
,,,0.00294,0.72
,,,0.00295,0.7
,,,0.00296,0.72
,,,0.00297,0.7
,,,0.00298,0.72
,,,0.00299,0.7
,,,0.003,0.7
,,,0.00301,0.7
,,,0.00302,0.72
,,,0.00303,0.72
,,,0.00304,0.74
,,,0.00305,0.72
,,,0.00306,0.72
,,,0.00307,0.7
,,,0.00308,0.72
,,,0.00309,0.72
,,,0.0031,0.72
,,,0.00311,0.72
,,,0.00312,0.72
,,,0.00313,0.7
,,,0.00314,0.72
,,,0.00315,0.7
,,,0.00316,0.7
,,,0.00317,0.72
,,,0.00318,0.7
,,,0.00319,0.7
,,,0.0032,0.72
,,,0.00321,0.7
,,,0.00322,0.7
,,,0.00323,0.72
,,,0.00324,0.72
,,,0.00325,0.7
,,,0.00326,0.7
,,,0.00327,0.72
,,,0.00328,0.7
,,,0.00329,0.72
,,,0.0033,0.7
,,,0.00331,0.72
,,,0.00332,0.72
,,,0.00333,0.7
,,,0.00334,0.72
,,,0.00335,0.7
,,,0.00336,0.72
,,,0.00337,0.72
,,,0.00338,0.7
,,,0.00339,0.72
,,,0.0034,0.72
,,,0.00341,0.7
,,,0.00342,0.72
,,,0.00343,0.72
,,,0.00344,0.72
,,,0.00345,0.68
,,,0.00346,0.72
,,,0.00347,0.7
,,,0.00348,0.72
,,,0.00349,0.72
,,,0.0035,0.72
,,,0.00351,0.7
,,,0.00352,0.72
,,,0.00353,0.72
,,,0.00354,0.7
,,,0.00355,0.7
,,,0.00356,0.72
,,,0.00357,0.72
,,,0.00358,0.68
,,,0.00359,0.7
,,,0.0036,0.72
,,,0.00361,0.72
,,,0.00362,0.72
,,,0.00363,0.72
,,,0.00364,0.72
,,,0.00365,0.72
,,,0.00366,0.7
,,,0.00367,0.72
,,,0.00368,0.7
,,,0.00369,0.68
,,,0.0037,0.72
,,,0.00371,0.72
,,,0.00372,0.7
,,,0.00373,0.7
,,,0.00374,0.7
,,,0.00375,0.7
,,,0.00376,0.7
,,,0.00377,0.72
,,,0.00378,0.74
,,,0.00379,0.7
,,,0.0038,0.68
,,,0.00381,0.72
,,,0.00382,0.7
,,,0.00383,0.7
,,,0.00384,0.72
,,,0.00385,0.7
,,,0.00386,0.72
,,,0.00387,0.7
,,,0.00388,0.74
,,,0.00389,0.7
,,,0.0039,0.72
,,,0.00391,0.72
,,,0.00392,0.72
,,,0.00393,0.72
,,,0.00394,0.7
,,,0.00395,0.72
,,,0.00396,0.72
,,,0.00397,0.72
,,,0.00398,0.72
,,,0.00399,0.72
,,,0.004,0.72
,,,0.00401,0.7
,,,0.00402,0.72
,,,0.00403,0.72
,,,0.00404,0.72
,,,0.00405,0.72
,,,0.00406,0.72
,,,0.00407,0.7
,,,0.00408,0.72
,,,0.00409,0.72
,,,0.0041,0.72
,,,0.00411,0.72
,,,0.00412,0.7
,,,0.00413,0.7
,,,0.00414,0.72
,,,0.00415,0.68
,,,0.00416,0.72
,,,0.00417,0.72
,,,0.00418,0.72
,,,0.00419,0.72
,,,0.0042,0.7
,,,0.00421,0.72
,,,0.00422,0.7
,,,0.00423,0.72
,,,0.00424,0.74
,,,0.00425,0.72
,,,0.00426,0.7
,,,0.00427,0.72
,,,0.00428,0.72
,,,0.00429,0.7
,,,0.0043,0.72
,,,0.00431,0.72
,,,0.00432,0.72
,,,0.00433,0.74
,,,0.00434,0.72
,,,0.00435,0.7
,,,0.00436,0.7
,,,0.00437,0.72
,,,0.00438,0.72
,,,0.00439,0.72
,,,0.0044,0.72
,,,0.00441,0.72
,,,0.00442,0.72
,,,0.00443,0.72
,,,0.00444,0.72
,,,0.00445,0.72
,,,0.00446,0.7
,,,0.00447,0.7
,,,0.00448,0.7
,,,0.00449,0.72
,,,0.0045,0.72
,,,0.00451,0.72
,,,0.00452,0.72
,,,0.00453,0.7
,,,0.00454,0.72
,,,0.00455,0.72
,,,0.00456,0.72
,,,0.00457,0.72
,,,0.00458,0.72
,,,0.00459,0.72
,,,0.0046,0.72
,,,0.00461,0.72
,,,0.00462,0.7
,,,0.00463,0.72
,,,0.00464,0.72
,,,0.00465,0.7
,,,0.00466,0.72
,,,0.00467,0.72
,,,0.00468,0.72
,,,0.00469,0.72
,,,0.0047,0.72
,,,0.00471,0.72
,,,0.00472,0.72
,,,0.00473,0.74
,,,0.00474,0.7
,,,0.00475,0.72
,,,0.00476,0.72
,,,0.00477,0.72
,,,0.00478,0.72
,,,0.00479,0.72
,,,0.0048,0.72
,,,0.00481,0.72
,,,0.00482,0.74
,,,0.00483,0.7
,,,0.00484,0.72
,,,0.00485,0.72
,,,0.00486,0.72
,,,0.00487,0.72
,,,0.00488,0.72
,,,0.00489,0.7
,,,0.0049,0.72
,,,0.00491,0.7
,,,0.00492,0.7
,,,0.00493,0.72
,,,0.00494,0.72
,,,0.00495,0.72
,,,0.00496,0.7
,,,0.00497,0.72
,,,0.00498,0.72
,,,0.00499,0.72
,,,0.005,0.72
,,,0.00501,0.72
,,,0.00502,0.7
,,,0.00503,0.68
,,,0.00504,0.7
,,,0.00505,0.72
,,,0.00506,0.7
,,,0.00507,0.7
,,,0.00508,0.72
,,,0.00509,0.7
,,,0.0051,0.72
,,,0.00511,0.7
,,,0.00512,0.72
,,,0.00513,0.7
,,,0.00514,0.72
,,,0.00515,0.74
,,,0.00516,0.72
,,,0.00517,0.7
,,,0.00518,0.7
,,,0.00519,0.72
,,,0.0052,0.7
,,,0.00521,0.72
,,,0.00522,0.7
,,,0.00523,0.7
,,,0.00524,0.7
,,,0.00525,0.7
,,,0.00526,0.7
,,,0.00527,0.72
,,,0.00528,0.7
,,,0.00529,0.7
,,,0.0053,0.7
,,,0.00531,0.72
,,,0.00532,0.72
,,,0.00533,0.7
,,,0.00534,0.7
,,,0.00535,0.72
,,,0.00536,0.7
,,,0.00537,0.7
,,,0.00538,0.7
,,,0.00539,0.68
,,,0.0054,0.7
,,,0.00541,0.7
,,,0.00542,0.74
,,,0.00543,0.72
,,,0.00544,0.7
,,,0.00545,0.72
,,,0.00546,0.7
,,,0.00547,0.7
,,,0.00548,0.72
,,,0.00549,0.72
,,,0.0055,0.7
,,,0.00551,0.72
,,,0.00552,0.7
,,,0.00553,0.72
,,,0.00554,0.7
,,,0.00555,0.7
,,,0.00556,0.72
,,,0.00557,0.7
,,,0.00558,0.7
,,,0.00559,0.7
,,,0.0056,0.72
,,,0.00561,0.7
,,,0.00562,0.7
,,,0.00563,0.7
,,,0.00564,0.72
,,,0.00565,0.72
,,,0.00566,0.7
,,,0.00567,0.7
,,,0.00568,0.7
,,,0.00569,0.7
,,,0.0057,0.72
,,,0.00571,0.7
,,,0.00572,0.68
,,,0.00573,0.72
,,,0.00574,0.68
,,,0.00575,0.7
,,,0.00576,0.72
,,,0.00577,0.72
,,,0.00578,0.7
,,,0.00579,0.7
,,,0.0058,0.7
,,,0.00581,0.7
,,,0.00582,0.7
,,,0.00583,0.7
,,,0.00584,0.7
,,,0.00585,0.68
,,,0.00586,0.68
,,,0.00587,0.7
,,,0.00588,0.7
,,,0.00589,0.68
,,,0.0059,0.7
,,,0.00591,0.68
,,,0.00592,0.72
,,,0.00593,0.7
,,,0.00594,0.7
,,,0.00595,0.7
,,,0.00596,0.7
,,,0.00597,0.68
,,,0.00598,0.7
,,,0.00599,0.7
,,,0.006,0.7
,,,0.00601,0.7
,,,0.00602,0.7
,,,0.00603,0.68
,,,0.00604,0.7
,,,0.00605,0.7
,,,0.00606,0.68
,,,0.00607,0.7
,,,0.00608,0.7
,,,0.00609,0.68
,,,0.0061,0.68
,,,0.00611,0.7
,,,0.00612,0.7
,,,0.00613,0.68
,,,0.00614,0.7
,,,0.00615,0.68
,,,0.00616,0.68
,,,0.00617,0.7
,,,0.00618,0.7
,,,0.00619,0.68
,,,0.0062,0.7
,,,0.00621,0.68
,,,0.00622,0.68
,,,0.00623,0.7
,,,0.00624,0.68
,,,0.00625,0.66
,,,0.00626,0.7
,,,0.00627,0.7
,,,0.00628,0.68
,,,0.00629,0.7
,,,0.0063,0.68
,,,0.00631,0.7
,,,0.00632,0.68
,,,0.00633,0.7
,,,0.00634,0.68
,,,0.00635,0.7
,,,0.00636,0.68
,,,0.00637,0.68
,,,0.00638,0.68
,,,0.00639,0.68
,,,0.0064,0.68
,,,0.00641,0.68
,,,0.00642,0.68
,,,0.00643,0.68
,,,0.00644,0.68
,,,0.00645,0.7
,,,0.00646,0.68
,,,0.00647,0.68
,,,0.00648,0.68
,,,0.00649,0.7
,,,0.0065,0.68
,,,0.00651,0.68
,,,0.00652,0.7
,,,0.00653,0.68
,,,0.00654,0.7
,,,0.00655,0.68
,,,0.00656,0.68
,,,0.00657,0.68
,,,0.00658,0.68
,,,0.00659,0.68
,,,0.0066,0.68
,,,0.00661,0.68
,,,0.00662,0.68
,,,0.00663,0.68
,,,0.00664,0.66
,,,0.00665,0.68
,,,0.00666,0.7
,,,0.00667,0.66
,,,0.00668,0.68
,,,0.00669,0.68
,,,0.0067,0.68
,,,0.00671,0.7
,,,0.00672,0.68
,,,0.00673,0.66
,,,0.00674,0.7
,,,0.00675,0.68
,,,0.00676,0.68
,,,0.00677,0.68
,,,0.00678,0.68
,,,0.00679,0.66
,,,0.0068,0.68
,,,0.00681,0.7
,,,0.00682,0.68
,,,0.00683,0.68
,,,0.00684,0.7
,,,0.00685,0.68
,,,0.00686,0.68
,,,0.00687,0.68
,,,0.00688,0.66
,,,0.00689,0.68
,,,0.0069,0.68
,,,0.00691,0.68
,,,0.00692,0.68
,,,0.00693,0.7
,,,0.00694,0.68
,,,0.00695,0.68
,,,0.00696,0.68
,,,0.00697,0.66
,,,0.00698,0.68
,,,0.00699,0.66
,,,0.007,0.66
,,,0.00701,0.66
,,,0.00702,0.68
,,,0.00703,0.66
,,,0.00704,0.66
,,,0.00705,0.68
,,,0.00706,0.68
,,,0.00707,0.66
,,,0.00708,0.66
,,,0.00709,0.66
,,,0.0071,0.64
,,,0.00711,0.66
,,,0.00712,0.68
,,,0.00713,0.68
,,,0.00714,0.66
,,,0.00715,0.66
,,,0.00716,0.66
,,,0.00717,0.68
,,,0.00718,0.66
,,,0.00719,0.68
,,,0.0072,0.66
,,,0.00721,0.68
,,,0.00722,0.68
,,,0.00723,0.66
,,,0.00724,0.66
,,,0.00725,0.66
,,,0.00726,0.66
,,,0.00727,0.66
,,,0.00728,0.68
,,,0.00729,0.66
,,,0.0073,0.66
,,,0.00731,0.66
,,,0.00732,0.66
,,,0.00733,0.68
,,,0.00734,0.66
,,,0.00735,0.68
,,,0.00736,0.66
,,,0.00737,0.68
,,,0.00738,0.66
,,,0.00739,0.66
,,,0.0074,0.68
,,,0.00741,0.68
,,,0.00742,0.68
,,,0.00743,0.66
,,,0.00744,0.66
,,,0.00745,0.66
,,,0.00746,0.68
,,,0.00747,0.66
,,,0.00748,0.66
,,,0.00749,0.66
,,,0.0075,0.66
,,,0.00751,0.66
,,,0.00752,0.68
,,,0.00753,0.64
,,,0.00754,0.66
,,,0.00755,0.66
,,,0.00756,0.66
,,,0.00757,0.64
,,,0.00758,0.68
,,,0.00759,0.66
,,,0.0076,0.66
,,,0.00761,0.66
,,,0.00762,0.66
,,,0.00763,0.66
,,,0.00764,0.66
,,,0.00765,0.66
,,,0.00766,0.66
,,,0.00767,0.64
,,,0.00768,0.66
,,,0.00769,0.66
,,,0.0077,0.64
,,,0.00771,0.66
,,,0.00772,0.64
,,,0.00773,0.64
,,,0.00774,0.64
,,,0.00775,0.66
,,,0.00776,0.66
,,,0.00777,0.66
,,,0.00778,0.66
,,,0.00779,0.66
,,,0.0078,0.66
,,,0.00781,0.66
,,,0.00782,0.66
,,,0.00783,0.66
,,,0.00784,0.66
,,,0.00785,0.66
,,,0.00786,0.66
,,,0.00787,0.66
,,,0.00788,0.66
,,,0.00789,0.66
,,,0.0079,0.66
,,,0.00791,0.64
,,,0.00792,0.64
,,,0.00793,0.66
,,,0.00794,0.66
,,,0.00795,0.66
,,,0.00796,0.64
,,,0.00797,0.66
,,,0.00798,0.64
,,,0.00799,0.66
,,,0.008,0.66
,,,0.00801,0.66
,,,0.00802,0.66
,,,0.00803,0.68
,,,0.00804,0.66
,,,0.00805,0.66
,,,0.00806,0.66
,,,0.00807,0.64
,,,0.00808,0.66
,,,0.00809,0.66
,,,0.0081,0.64
,,,0.00811,0.66
,,,0.00812,0.66
,,,0.00813,0.66
,,,0.00814,0.64
,,,0.00815,0.64
,,,0.00816,0.66
,,,0.00817,0.64
,,,0.00818,0.66
,,,0.00819,0.64
,,,0.0082,0.64
,,,0.00821,0.66
,,,0.00822,0.64
,,,0.00823,0.66
,,,0.00824,0.64
,,,0.00825,0.64
,,,0.00826,0.66
,,,0.00827,0.64
,,,0.00828,0.68
,,,0.00829,0.66
,,,0.0083,0.66
,,,0.00831,0.66
,,,0.00832,0.64
,,,0.00833,0.66
,,,0.00834,0.66
,,,0.00835,0.64
,,,0.00836,0.66
,,,0.00837,0.64
,,,0.00838,0.66
,,,0.00839,0.66
,,,0.0084,0.66
,,,0.00841,0.66
,,,0.00842,0.68
,,,0.00843,0.64
,,,0.00844,0.66
,,,0.00845,0.66
,,,0.00846,0.66
,,,0.00847,0.66
,,,0.00848,0.64
,,,0.00849,0.66
,,,0.0085,0.64
,,,0.00851,0.64
,,,0.00852,0.64
,,,0.00853,0.64
,,,0.00854,0.66
,,,0.00855,0.66
,,,0.00856,0.66
,,,0.00857,0.66
,,,0.00858,0.64
,,,0.00859,0.66
,,,0.0086,0.64
,,,0.00861,0.66
,,,0.00862,0.66
,,,0.00863,0.66
,,,0.00864,0.66
,,,0.00865,0.66
,,,0.00866,0.66
,,,0.00867,0.64
,,,0.00868,0.64
,,,0.00869,0.64
,,,0.0087,0.66
,,,0.00871,0.66
,,,0.00872,0.66
,,,0.00873,0.66
,,,0.00874,0.66
,,,0.00875,0.66
,,,0.00876,0.66
,,,0.00877,0.66
,,,0.00878,0.68
,,,0.00879,0.66
,,,0.0088,0.68
,,,0.00881,0.66
,,,0.00882,0.68
,,,0.00883,0.66
,,,0.00884,0.66
,,,0.00885,0.66
,,,0.00886,0.68
,,,0.00887,0.64
,,,0.00888,0.66
,,,0.00889,0.64
,,,0.0089,0.68
,,,0.00891,0.66
,,,0.00892,0.64
,,,0.00893,0.66
,,,0.00894,0.66
,,,0.00895,0.66
,,,0.00896,0.68
,,,0.00897,0.68
,,,0.00898,0.66
,,,0.00899,0.66
,,,0.009,0.64
,,,0.00901,0.66
,,,0.00902,0.64
,,,0.00903,0.68
,,,0.00904,0.64
,,,0.00905,0.66
,,,0.00906,0.66
,,,0.00907,0.66
,,,0.00908,0.66
,,,0.00909,0.66
,,,0.0091,0.66
,,,0.00911,0.66
,,,0.00912,0.66
,,,0.00913,0.68
,,,0.00914,0.68
,,,0.00915,0.66
,,,0.00916,0.66
,,,0.00917,0.66
,,,0.00918,0.66
,,,0.00919,0.64
,,,0.0092,0.68
,,,0.00921,0.68
,,,0.00922,0.66
,,,0.00923,0.66
,,,0.00924,0.66
,,,0.00925,0.66
,,,0.00926,0.66
,,,0.00927,0.68
,,,0.00928,0.66
,,,0.00929,0.66
,,,0.0093,0.66
,,,0.00931,0.66
,,,0.00932,0.68
,,,0.00933,0.68
,,,0.00934,0.66
,,,0.00935,0.66
,,,0.00936,0.66
,,,0.00937,0.66
,,,0.00938,0.64
,,,0.00939,0.66
,,,0.0094,0.66
,,,0.00941,0.68
,,,0.00942,0.66
,,,0.00943,0.68
,,,0.00944,0.66
,,,0.00945,0.68
,,,0.00946,0.68
,,,0.00947,0.66
,,,0.00948,0.66
,,,0.00949,0.68
,,,0.0095,0.68
,,,0.00951,0.66
,,,0.00952,0.66
,,,0.00953,0.68
,,,0.00954,0.66
,,,0.00955,0.66
,,,0.00956,0.66
,,,0.00957,0.66
,,,0.00958,0.66
,,,0.00959,0.66
,,,0.0096,0.66
,,,0.00961,0.68
,,,0.00962,0.66
,,,0.00963,0.66
,,,0.00964,0.66
,,,0.00965,0.68
,,,0.00966,0.66
,,,0.00967,0.7
,,,0.00968,0.66
,,,0.00969,0.68
,,,0.0097,0.66
,,,0.00971,0.7
,,,0.00972,0.66
,,,0.00973,0.68
,,,0.00974,0.68
,,,0.00975,0.66
,,,0.00976,0.68
,,,0.00977,0.66
,,,0.00978,0.66
,,,0.00979,0.68
,,,0.0098,0.66
,,,0.00981,0.66
,,,0.00982,0.68
,,,0.00983,0.66
,,,0.00984,0.66
,,,0.00985,0.66
,,,0.00986,0.66
,,,0.00987,0.68
,,,0.00988,0.68
,,,0.00989,0.66
,,,0.0099,0.68
,,,0.00991,0.68
,,,0.00992,0.68
,,,0.00993,0.66
,,,0.00994,0.68
,,,0.00995,0.68
,,,0.00996,0.68
,,,0.00997,0.68
,,,0.00998,0.68
,,,0.00999,0.68
,,,0.01,0.66
,,,0.01001,0.68
,,,0.01002,0.7
,,,0.01003,0.68
,,,0.01004,0.68
,,,0.01005,0.68
,,,0.01006,0.66
,,,0.01007,0.66
,,,0.01008,0.68
,,,0.01009,0.66
,,,0.0101,0.66
,,,0.01011,0.68
,,,0.01012,0.68
,,,0.01013,0.68
,,,0.01014,0.68
,,,0.01015,0.66
,,,0.01016,0.68
,,,0.01017,0.68
,,,0.01018,0.68
,,,0.01019,0.68
,,,0.0102,0.68
,,,0.01021,0.68
,,,0.01022,0.68
,,,0.01023,0.66
,,,0.01024,0.66
,,,0.01025,0.68
,,,0.01026,0.68
,,,0.01027,0.68
,,,0.01028,0.68
,,,0.01029,0.68
,,,0.0103,0.68
,,,0.01031,0.68
,,,0.01032,0.68
,,,0.01033,0.68
,,,0.01034,0.68
,,,0.01035,0.66
,,,0.01036,0.68
,,,0.01037,0.68
,,,0.01038,0.68
,,,0.01039,0.68
,,,0.0104,0.68
,,,0.01041,0.68
,,,0.01042,0.66
,,,0.01043,0.66
,,,0.01044,0.66
,,,0.01045,0.68
,,,0.01046,0.68
,,,0.01047,0.66
,,,0.01048,0.7
,,,0.01049,0.66
,,,0.0105,0.68
,,,0.01051,0.68
,,,0.01052,0.7
,,,0.01053,0.68
,,,0.01054,0.68
,,,0.01055,0.68
,,,0.01056,0.66
,,,0.01057,0.7
,,,0.01058,0.68
,,,0.01059,0.66
,,,0.0106,0.7
,,,0.01061,0.7
,,,0.01062,0.68
,,,0.01063,0.68
,,,0.01064,0.68
,,,0.01065,0.68
,,,0.01066,0.68
,,,0.01067,0.68
,,,0.01068,0.7
,,,0.01069,0.68
,,,0.0107,0.68
,,,0.01071,0.68
,,,0.01072,0.7
,,,0.01073,0.7
,,,0.01074,0.7
,,,0.01075,0.68
,,,0.01076,0.7
,,,0.01077,0.7
,,,0.01078,0.68
,,,0.01079,0.66
,,,0.0108,0.7
,,,0.01081,0.68
,,,0.01082,0.68
,,,0.01083,0.68
,,,0.01084,0.68
,,,0.01085,0.68
,,,0.01086,0.7
,,,0.01087,0.68
,,,0.01088,0.68
,,,0.01089,0.68
,,,0.0109,0.7
,,,0.01091,0.7
,,,0.01092,0.7
,,,0.01093,0.66
,,,0.01094,0.68
,,,0.01095,0.68
,,,0.01096,0.7
,,,0.01097,0.7
,,,0.01098,0.68
,,,0.01099,0.68
,,,0.011,0.7
,,,0.01101,0.7
,,,0.01102,0.66
,,,0.01103,0.7
,,,0.01104,0.68
,,,0.01105,0.68
,,,0.01106,0.68
,,,0.01107,0.68
,,,0.01108,0.68
,,,0.01109,0.7
,,,0.0111,0.7
,,,0.01111,0.68
,,,0.01112,0.68
,,,0.01113,0.7
,,,0.01114,0.68
,,,0.01115,0.7
,,,0.01116,0.7
,,,0.01117,0.7
,,,0.01118,0.7
,,,0.01119,0.7
,,,0.0112,0.7
,,,0.01121,0.68
,,,0.01122,0.68
,,,0.01123,0.68
,,,0.01124,0.7
,,,0.01125,0.7
,,,0.01126,0.68
,,,0.01127,0.68
,,,0.01128,0.7
,,,0.01129,0.68
,,,0.0113,0.7
,,,0.01131,0.68
,,,0.01132,0.68
,,,0.01133,0.7
,,,0.01134,0.68
,,,0.01135,0.68
,,,0.01136,0.7
,,,0.01137,0.68
,,,0.01138,0.68
,,,0.01139,0.68
,,,0.0114,0.7
,,,0.01141,0.68
,,,0.01142,0.68
,,,0.01143,0.7
,,,0.01144,0.7
,,,0.01145,0.68
,,,0.01146,0.7
,,,0.01147,0.7
,,,0.01148,0.68
,,,0.01149,0.7
,,,0.0115,0.68
,,,0.01151,0.68
,,,0.01152,0.68
,,,0.01153,0.7
,,,0.01154,0.7
,,,0.01155,0.7
,,,0.01156,0.68
,,,0.01157,0.7
,,,0.01158,0.68
,,,0.01159,0.72
,,,0.0116,0.68
,,,0.01161,0.72
,,,0.01162,0.7
,,,0.01163,0.7
,,,0.01164,0.68
,,,0.01165,0.68
,,,0.01166,0.68
,,,0.01167,0.72
,,,0.01168,0.7
,,,0.01169,0.7
,,,0.0117,0.68
,,,0.01171,0.68
,,,0.01172,0.7
,,,0.01173,0.7
,,,0.01174,0.7
,,,0.01175,0.7
,,,0.01176,0.68
,,,0.01177,0.7
,,,0.01178,0.68
,,,0.01179,0.68
,,,0.0118,0.7
,,,0.01181,0.7
,,,0.01182,0.72
,,,0.01183,0.68
,,,0.01184,0.72
,,,0.01185,0.7
,,,0.01186,0.7
,,,0.01187,0.68
,,,0.01188,0.68
,,,0.01189,0.7
,,,0.0119,0.7
,,,0.01191,0.7
,,,0.01192,0.72
,,,0.01193,0.68
,,,0.01194,0.7
,,,0.01195,0.7
,,,0.01196,0.68
,,,0.01197,0.7
,,,0.01198,0.7
,,,0.01199,0.7
,,,0.012,0.7
,,,0.01201,0.68
,,,0.01202,0.68
,,,0.01203,0.72
,,,0.01204,0.7
,,,0.01205,0.7
,,,0.01206,0.68
,,,0.01207,0.7
,,,0.01208,0.7
,,,0.01209,0.7
,,,0.0121,0.7
,,,0.01211,0.72
,,,0.01212,0.7
,,,0.01213,0.68
,,,0.01214,0.72
,,,0.01215,0.7
,,,0.01216,0.7
,,,0.01217,0.7
,,,0.01218,0.68
,,,0.01219,0.7
,,,0.0122,0.7
,,,0.01221,0.72
,,,0.01222,0.7
,,,0.01223,0.72
,,,0.01224,0.7
,,,0.01225,0.7
,,,0.01226,0.7
,,,0.01227,0.72
,,,0.01228,0.7
,,,0.01229,0.7
,,,0.0123,0.7
,,,0.01231,0.7
,,,0.01232,0.7
,,,0.01233,0.72
,,,0.01234,0.68
,,,0.01235,0.7
,,,0.01236,0.7
,,,0.01237,0.7
,,,0.01238,0.7
,,,0.01239,0.7
,,,0.0124,0.7
,,,0.01241,0.68
,,,0.01242,0.7
,,,0.01243,0.72
,,,0.01244,0.7
,,,0.01245,0.7
,,,0.01246,0.7
,,,0.01247,0.7
,,,0.01248,0.68
,,,0.01249,0.7
,,,0.0125,0.7
,,,0.01251,0.72
,,,0.01252,0.7
,,,0.01253,0.72
,,,0.01254,0.72
,,,0.01255,0.7
,,,0.01256,0.72
,,,0.01257,0.68
,,,0.01258,0.7
,,,0.01259,0.7
,,,0.0126,0.7
,,,0.01261,0.7
,,,0.01262,0.7
,,,0.01263,0.7
,,,0.01264,0.7
,,,0.01265,0.72
,,,0.01266,0.7
,,,0.01267,0.7
,,,0.01268,0.72
,,,0.01269,0.7
