Record Length,2500,Points,-1.25E-03,8.199999809,,
Sample Interval,1.00E-06,s,-1.25E-03,8.199999809,,8.212319796
Trigger Point,1.25E+03,Samples,-1.25E-03,8.199999809,,0.050992288
,,,-1.25E-03,8.199999809,,
,,,-1.25E-03,8.199999809,,
,,,-1.25E-03,8.399999619,,
Source,CH1,,-1.24E-03,8.199999809,,
Vertical Units,Volts,,-1.24E-03,8.199999809,,
Vertical Scale,5.11953094,,-1.24E-03,8.199999809,,
Vertical Offset,0,,-1.24E-03,8.199999809,,
Horizontal Units,s,,-1.24E-03,8.199999809,,
Horizontal Scale,2.50E-04,,-1.24E-03,8.199999809,,
Pt Fmt,Y,,-1.24E-03,8.199999809,,
Yzero,0,,-1.24E-03,8.199999809,,
Probe Atten,1,,-1.24E-03,8.199999809,,
,,,-1.24E-03,8.199999809,,
Note,TDS 1012B - 10:38:22   23/11/2023,,-1.23E-03,8.399999619,,
,,,-1.23E-03,8.199999809,,
,,,-1.23E-03,8.199999809,,
,,,-1.23E-03,8.199999809,,
,,,-1.23E-03,8.199999809,,
,,,-1.23E-03,8.199999809,,
,,,-1.23E-03,8.199999809,,
,,,-1.23E-03,8.199999809,,
,,,-1.23E-03,8.199999809,,
,,,-1.23E-03,8.199999809,,
,,,-1.22E-03,8.199999809,,
,,,-1.22E-03,8.199999809,,
,,,-1.22E-03,8.199999809,,
,,,-1.22E-03,8.199999809,,
,,,-1.22E-03,8.199999809,,
,,,-1.22E-03,8.199999809,,
,,,-1.22E-03,8.199999809,,
,,,-1.22E-03,8.199999809,,
,,,-1.22E-03,8.399999619,,
,,,-1.22E-03,8.199999809,,
,,,-1.21E-03,8.199999809,,
,,,-1.21E-03,8.399999619,,
,,,-1.21E-03,8.199999809,,
,,,-1.21E-03,8.199999809,,
,,,-1.21E-03,8.199999809,,
,,,-1.21E-03,8.199999809,,
,,,-1.21E-03,8.199999809,,
,,,-1.21E-03,8.199999809,,
,,,-1.21E-03,8.199999809,,
,,,-1.21E-03,8.199999809,,
,,,-1.20E-03,8.199999809,,
,,,-1.20E-03,8.199999809,,
,,,-1.20E-03,8.199999809,,
,,,-1.20E-03,8.199999809,,
,,,-1.20E-03,8.199999809,,
,,,-1.20E-03,8.199999809,,
,,,-1.20E-03,8.199999809,,
,,,-1.20E-03,8.199999809,,
,,,-1.20E-03,8.199999809,,
,,,-1.20E-03,8.199999809,,
,,,-1.19E-03,8.399999619,,
,,,-1.19E-03,8.199999809,,
,,,-1.19E-03,8.199999809,,
,,,-1.19E-03,8.199999809,,
,,,-1.19E-03,8.399999619,,
,,,-1.19E-03,8.199999809,,
,,,-1.19E-03,8.199999809,,
,,,-1.19E-03,8.199999809,,
,,,-1.19E-03,8.199999809,,
,,,-1.19E-03,8.199999809,,
,,,-1.18E-03,8.199999809,,
,,,-1.18E-03,8.199999809,,
,,,-1.18E-03,8.199999809,,
,,,-1.18E-03,8.199999809,,
,,,-1.18E-03,8.199999809,,
,,,-1.18E-03,8.199999809,,
,,,-1.18E-03,8.199999809,,
,,,-1.18E-03,8.199999809,,
,,,-1.18E-03,7.999999523,,
,,,-1.18E-03,8.199999809,,
,,,-1.17E-03,8.399999619,,
,,,-1.17E-03,8.199999809,,
,,,-1.17E-03,8.199999809,,
,,,-1.17E-03,8.199999809,,
,,,-1.17E-03,8.199999809,,
,,,-1.17E-03,8.199999809,,
,,,-1.17E-03,8.199999809,,
,,,-1.17E-03,8.199999809,,
,,,-1.17E-03,8.199999809,,
,,,-1.17E-03,8.199999809,,
,,,-1.16E-03,8.199999809,,
,,,-1.16E-03,8.199999809,,
,,,-1.16E-03,8.199999809,,
,,,-1.16E-03,8.199999809,,
,,,-1.16E-03,8.399999619,,
,,,-1.16E-03,8.199999809,,
,,,-1.16E-03,8.199999809,,
,,,-1.16E-03,8.199999809,,
,,,-1.16E-03,8.199999809,,
,,,-1.16E-03,8.199999809,,
,,,-1.15E-03,8.199999809,,
,,,-1.15E-03,8.199999809,,
,,,-1.15E-03,8.199999809,,
,,,-1.15E-03,8.199999809,,
,,,-1.15E-03,8.199999809,,
,,,-1.15E-03,8.199999809,,
,,,-1.15E-03,8.199999809,,
,,,-1.15E-03,8.199999809,,
,,,-1.15E-03,8.199999809,,
,,,-1.15E-03,8.199999809,,
,,,-1.14E-03,8.199999809,,
,,,-1.14E-03,8.199999809,,
,,,-1.14E-03,8.199999809,,
,,,-1.14E-03,8.199999809,,
,,,-1.14E-03,8.199999809,,
,,,-1.14E-03,8.199999809,,
,,,-1.14E-03,8.199999809,,
,,,-1.14E-03,8.199999809,,
,,,-1.14E-03,8.399999619,,
,,,-1.14E-03,8.199999809,,
,,,-1.13E-03,8.199999809,,
,,,-1.13E-03,8.199999809,,
,,,-1.13E-03,8.199999809,,
,,,-1.13E-03,8.199999809,,
,,,-1.13E-03,8.199999809,,
,,,-1.13E-03,8.199999809,,
,,,-1.13E-03,8.199999809,,
,,,-1.13E-03,8.199999809,,
,,,-1.13E-03,8.199999809,,
,,,-1.13E-03,8.199999809,,
,,,-1.12E-03,8.199999809,,
,,,-1.12E-03,8.199999809,,
,,,-1.12E-03,8.199999809,,
,,,-1.12E-03,8.199999809,,
,,,-1.12E-03,8.199999809,,
,,,-1.12E-03,8.199999809,,
,,,-1.12E-03,8.199999809,,
,,,-1.12E-03,8.199999809,,
,,,-1.12E-03,8.199999809,,
,,,-1.12E-03,8.199999809,,
,,,-1.11E-03,8.199999809,,
,,,-1.11E-03,8.199999809,,
,,,-1.11E-03,8.199999809,,
,,,-1.11E-03,8.199999809,,
,,,-1.11E-03,8.199999809,,
,,,-1.11E-03,8.199999809,,
,,,-1.11E-03,8.199999809,,
,,,-1.11E-03,8.199999809,,
,,,-1.11E-03,8.199999809,,
,,,-1.11E-03,8.199999809,,
,,,-1.10E-03,8.399999619,,
,,,-1.10E-03,8.199999809,,
,,,-1.10E-03,8.199999809,,
,,,-1.10E-03,8.199999809,,
,,,-1.10E-03,8.199999809,,
,,,-1.10E-03,8.199999809,,
,,,-1.10E-03,8.199999809,,
,,,-1.10E-03,8.199999809,,
,,,-1.10E-03,8.199999809,,
,,,-1.10E-03,8.199999809,,
,,,-1.09E-03,8.199999809,,
,,,-1.09E-03,8.199999809,,
,,,-1.09E-03,8.199999809,,
,,,-1.09E-03,8.199999809,,
,,,-1.09E-03,8.199999809,,
,,,-1.09E-03,8.199999809,,
,,,-1.09E-03,8.199999809,,
,,,-1.09E-03,8.199999809,,
,,,-1.09E-03,8.199999809,,
,,,-1.09E-03,8.199999809,,
,,,-1.08E-03,8.199999809,,
,,,-1.08E-03,8.199999809,,
,,,-1.08E-03,8.199999809,,
,,,-1.08E-03,8.399999619,,
,,,-1.08E-03,8.199999809,,
,,,-1.08E-03,8.199999809,,
,,,-1.08E-03,8.199999809,,
,,,-1.08E-03,8.199999809,,
,,,-1.08E-03,8.199999809,,
,,,-1.08E-03,8.199999809,,
,,,-1.07E-03,8.199999809,,
,,,-1.07E-03,8.199999809,,
,,,-1.07E-03,8.199999809,,
,,,-1.07E-03,8.199999809,,
,,,-1.07E-03,8.199999809,,
,,,-1.07E-03,8.199999809,,
,,,-1.07E-03,8.199999809,,
,,,-1.07E-03,8.199999809,,
,,,-1.07E-03,8.199999809,,
,,,-1.07E-03,8.199999809,,
,,,-1.06E-03,8.199999809,,
,,,-1.06E-03,8.199999809,,
,,,-1.06E-03,8.199999809,,
,,,-1.06E-03,8.199999809,,
,,,-1.06E-03,8.199999809,,
,,,-1.06E-03,8.199999809,,
,,,-1.06E-03,8.199999809,,
,,,-1.06E-03,8.199999809,,
,,,-1.06E-03,8.199999809,,
,,,-1.06E-03,8.199999809,,
,,,-1.05E-03,8.199999809,,
,,,-1.05E-03,8.199999809,,
,,,-1.05E-03,8.199999809,,
,,,-1.05E-03,8.199999809,,
,,,-1.05E-03,8.199999809,,
,,,-1.05E-03,8.199999809,,
,,,-1.05E-03,8.199999809,,
,,,-1.05E-03,8.199999809,,
,,,-1.05E-03,8.199999809,,
,,,-1.05E-03,8.199999809,,
,,,-1.04E-03,8.199999809,,
,,,-1.04E-03,8.399999619,,
,,,-1.04E-03,8.199999809,,
,,,-1.04E-03,8.199999809,,
,,,-1.04E-03,8.199999809,,
,,,-1.04E-03,8.199999809,,
,,,-1.04E-03,8.199999809,,
,,,-1.04E-03,8.199999809,,
,,,-1.04E-03,8.199999809,,
,,,-1.04E-03,8.199999809,,
,,,-1.03E-03,8.199999809,,
,,,-1.03E-03,8.399999619,,
,,,-1.03E-03,8.399999619,,
,,,-1.03E-03,8.199999809,,
,,,-1.03E-03,8.199999809,,
,,,-1.03E-03,8.199999809,,
,,,-1.03E-03,8.199999809,,
,,,-1.03E-03,8.199999809,,
,,,-1.03E-03,8.399999619,,
,,,-1.03E-03,8.199999809,,
,,,-1.02E-03,8.199999809,,
,,,-1.02E-03,8.199999809,,
,,,-1.02E-03,8.199999809,,
,,,-1.02E-03,8.199999809,,
,,,-1.02E-03,8.199999809,,
,,,-1.02E-03,8.199999809,,
,,,-1.02E-03,8.199999809,,
,,,-1.02E-03,8.199999809,,
,,,-1.02E-03,8.399999619,,
,,,-1.02E-03,8.199999809,,
,,,-1.01E-03,8.199999809,,
,,,-1.01E-03,8.199999809,,
,,,-1.01E-03,8.199999809,,
,,,-1.01E-03,8.399999619,,
,,,-1.01E-03,8.199999809,,
,,,-1.01E-03,8.199999809,,
,,,-1.01E-03,8.399999619,,
,,,-1.01E-03,8.199999809,,
,,,-1.01E-03,8.199999809,,
,,,-1.01E-03,8.199999809,,
,,,-1.00E-03,8.399999619,,
,,,-1.00E-03,8.199999809,,
,,,-1.00E-03,8.199999809,,
,,,-1.00E-03,8.199999809,,
,,,-1.00E-03,8.199999809,,
,,,-9.99E-04,8.399999619,,
,,,-9.98E-04,8.199999809,,
,,,-9.97E-04,8.199999809,,
,,,-9.96E-04,8.199999809,,
,,,-9.95E-04,8.199999809,,
,,,-9.94E-04,8.399999619,,
,,,-9.93E-04,8.199999809,,
,,,-9.92E-04,8.199999809,,
,,,-9.91E-04,8.199999809,,
,,,-9.90E-04,8.199999809,,
,,,-9.89E-04,8.199999809,,
,,,-9.88E-04,8.199999809,,
,,,-9.87E-04,8.199999809,,
,,,-9.86E-04,8.199999809,,
,,,-9.85E-04,8.199999809,,
,,,-9.84E-04,8.199999809,,
,,,-9.83E-04,8.199999809,,
,,,-9.82E-04,8.199999809,,
,,,-9.81E-04,8.199999809,,
,,,-9.80E-04,8.199999809,,
,,,-9.79E-04,8.199999809,,
,,,-9.78E-04,8.199999809,,
,,,-9.77E-04,8.399999619,,
,,,-9.76E-04,8.199999809,,
,,,-9.75E-04,8.199999809,,
,,,-9.74E-04,8.199999809,,
,,,-9.73E-04,8.199999809,,
,,,-9.72E-04,8.199999809,,
,,,-9.71E-04,8.199999809,,
,,,-9.70E-04,8.199999809,,
,,,-9.69E-04,8.199999809,,
,,,-9.68E-04,8.199999809,,
,,,-9.67E-04,8.199999809,,
,,,-9.66E-04,8.399999619,,
,,,-9.65E-04,8.199999809,,
,,,-9.64E-04,8.199999809,,
,,,-9.63E-04,8.199999809,,
,,,-9.62E-04,8.199999809,,
,,,-9.61E-04,8.199999809,,
,,,-9.60E-04,8.199999809,,
,,,-9.59E-04,8.199999809,,
,,,-9.58E-04,8.199999809,,
,,,-9.57E-04,8.199999809,,
,,,-9.56E-04,8.199999809,,
,,,-9.55E-04,8.199999809,,
,,,-9.54E-04,8.199999809,,
,,,-9.53E-04,8.199999809,,
,,,-9.52E-04,8.199999809,,
,,,-9.51E-04,8.199999809,,
,,,-9.50E-04,8.199999809,,
,,,-9.49E-04,8.199999809,,
,,,-9.48E-04,8.199999809,,
,,,-9.47E-04,8.199999809,,
,,,-9.46E-04,8.199999809,,
,,,-9.45E-04,8.199999809,,
,,,-9.44E-04,8.399999619,,
,,,-9.43E-04,8.199999809,,
,,,-9.42E-04,8.199999809,,
,,,-9.41E-04,8.199999809,,
,,,-9.40E-04,8.199999809,,
,,,-9.39E-04,8.199999809,,
,,,-9.38E-04,8.199999809,,
,,,-9.37E-04,8.199999809,,
,,,-9.36E-04,8.199999809,,
,,,-9.35E-04,8.199999809,,
,,,-9.34E-04,8.199999809,,
,,,-9.33E-04,8.199999809,,
,,,-9.32E-04,8.199999809,,
,,,-9.31E-04,8.199999809,,
,,,-9.30E-04,8.199999809,,
,,,-9.29E-04,8.199999809,,
,,,-9.28E-04,8.199999809,,
,,,-9.27E-04,8.199999809,,
,,,-9.26E-04,8.199999809,,
,,,-9.25E-04,8.199999809,,
,,,-9.24E-04,8.199999809,,
,,,-9.23E-04,8.199999809,,
,,,-9.22E-04,8.199999809,,
,,,-9.21E-04,8.199999809,,
,,,-9.20E-04,8.199999809,,
,,,-9.19E-04,8.199999809,,
,,,-9.18E-04,8.199999809,,
,,,-9.17E-04,8.199999809,,
,,,-9.16E-04,8.199999809,,
,,,-9.15E-04,8.199999809,,
,,,-9.14E-04,8.199999809,,
,,,-9.13E-04,8.199999809,,
,,,-9.12E-04,8.199999809,,
,,,-9.11E-04,8.199999809,,
,,,-9.10E-04,8.399999619,,
,,,-9.09E-04,8.199999809,,
,,,-9.08E-04,8.199999809,,
,,,-9.07E-04,8.199999809,,
,,,-9.06E-04,8.199999809,,
,,,-9.05E-04,8.199999809,,
,,,-9.04E-04,8.199999809,,
,,,-9.03E-04,8.199999809,,
,,,-9.02E-04,8.199999809,,
,,,-9.01E-04,8.199999809,,
,,,-9.00E-04,8.199999809,,
,,,-8.99E-04,8.199999809,,
,,,-8.98E-04,8.199999809,,
,,,-8.97E-04,8.199999809,,
,,,-8.96E-04,8.199999809,,
,,,-8.95E-04,8.199999809,,
,,,-8.94E-04,8.199999809,,
,,,-8.93E-04,8.199999809,,
,,,-8.92E-04,8.199999809,,
,,,-8.91E-04,8.199999809,,
,,,-8.90E-04,8.199999809,,
,,,-8.89E-04,8.199999809,,
,,,-8.88E-04,8.199999809,,
,,,-8.87E-04,8.199999809,,
,,,-8.86E-04,8.199999809,,
,,,-8.85E-04,8.199999809,,
,,,-8.84E-04,8.199999809,,
,,,-8.83E-04,8.199999809,,
,,,-8.82E-04,8.199999809,,
,,,-8.81E-04,8.199999809,,
,,,-8.80E-04,8.199999809,,
,,,-8.79E-04,8.199999809,,
,,,-8.78E-04,8.199999809,,
,,,-8.77E-04,8.199999809,,
,,,-8.76E-04,8.399999619,,
,,,-8.75E-04,8.399999619,,
,,,-8.74E-04,8.199999809,,
,,,-8.73E-04,8.199999809,,
,,,-8.72E-04,8.199999809,,
,,,-8.71E-04,8.199999809,,
,,,-8.70E-04,8.199999809,,
,,,-8.69E-04,8.199999809,,
,,,-8.68E-04,8.199999809,,
,,,-8.67E-04,8.199999809,,
,,,-8.66E-04,8.199999809,,
,,,-8.65E-04,8.199999809,,
,,,-8.64E-04,8.199999809,,
,,,-8.63E-04,8.199999809,,
,,,-8.62E-04,8.199999809,,
,,,-8.61E-04,8.199999809,,
,,,-8.60E-04,8.199999809,,
,,,-8.59E-04,8.199999809,,
,,,-8.58E-04,8.199999809,,
,,,-8.57E-04,8.199999809,,
,,,-8.56E-04,8.199999809,,
,,,-8.55E-04,8.199999809,,
,,,-8.54E-04,8.199999809,,
,,,-8.53E-04,8.199999809,,
,,,-8.52E-04,8.199999809,,
,,,-8.51E-04,8.199999809,,
,,,-8.50E-04,8.199999809,,
,,,-8.49E-04,8.199999809,,
,,,-8.48E-04,8.199999809,,
,,,-8.47E-04,8.199999809,,
,,,-8.46E-04,8.199999809,,
,,,-8.45E-04,8.199999809,,
,,,-8.44E-04,8.199999809,,
,,,-8.43E-04,8.199999809,,
,,,-8.42E-04,8.199999809,,
,,,-8.41E-04,8.199999809,,
,,,-8.40E-04,8.199999809,,
,,,-8.39E-04,8.199999809,,
,,,-8.38E-04,8.199999809,,
,,,-8.37E-04,8.199999809,,
,,,-8.36E-04,8.399999619,,
,,,-8.35E-04,8.199999809,,
,,,-8.34E-04,8.199999809,,
,,,-8.33E-04,8.199999809,,
,,,-8.32E-04,8.199999809,,
,,,-8.31E-04,8.199999809,,
,,,-8.30E-04,8.199999809,,
,,,-8.29E-04,8.199999809,,
,,,-8.28E-04,8.199999809,,
,,,-8.27E-04,8.199999809,,
,,,-8.26E-04,8.199999809,,
,,,-8.25E-04,8.199999809,,
,,,-8.24E-04,8.199999809,,
,,,-8.23E-04,8.399999619,,
,,,-8.22E-04,8.199999809,,
,,,-8.21E-04,8.199999809,,
,,,-8.20E-04,8.199999809,,
,,,-8.19E-04,8.399999619,,
,,,-8.18E-04,8.199999809,,
,,,-8.17E-04,8.199999809,,
,,,-8.16E-04,8.199999809,,
,,,-8.15E-04,8.199999809,,
,,,-8.14E-04,8.199999809,,
,,,-8.13E-04,8.199999809,,
,,,-8.12E-04,8.199999809,,
,,,-8.11E-04,8.199999809,,
,,,-8.10E-04,8.199999809,,
,,,-8.09E-04,8.199999809,,
,,,-8.08E-04,8.199999809,,
,,,-8.07E-04,8.199999809,,
,,,-8.06E-04,8.199999809,,
,,,-8.05E-04,8.199999809,,
,,,-8.04E-04,8.199999809,,
,,,-8.03E-04,8.199999809,,
,,,-8.02E-04,8.199999809,,
,,,-8.01E-04,8.399999619,,
,,,-8.00E-04,8.199999809,,
,,,-7.99E-04,8.199999809,,
,,,-7.98E-04,8.199999809,,
,,,-7.97E-04,8.199999809,,
,,,-7.96E-04,8.199999809,,
,,,-7.95E-04,8.199999809,,
,,,-7.94E-04,8.199999809,,
,,,-7.93E-04,8.199999809,,
,,,-7.92E-04,8.199999809,,
,,,-7.91E-04,8.199999809,,
,,,-7.90E-04,8.199999809,,
,,,-7.89E-04,8.199999809,,
,,,-7.88E-04,8.199999809,,
,,,-7.87E-04,8.199999809,,
,,,-7.86E-04,8.199999809,,
,,,-7.85E-04,8.199999809,,
,,,-7.84E-04,8.199999809,,
,,,-7.83E-04,8.199999809,,
,,,-7.82E-04,8.199999809,,
,,,-7.81E-04,8.199999809,,
,,,-7.80E-04,8.199999809,,
,,,-7.79E-04,8.199999809,,
,,,-7.78E-04,8.199999809,,
,,,-7.77E-04,8.199999809,,
,,,-7.76E-04,8.199999809,,
,,,-7.75E-04,8.199999809,,
,,,-7.74E-04,8.199999809,,
,,,-7.73E-04,8.199999809,,
,,,-7.72E-04,7.999999523,,
,,,-7.71E-04,8.199999809,,
,,,-7.70E-04,8.199999809,,
,,,-7.69E-04,8.399999619,,
,,,-7.68E-04,8.199999809,,
,,,-7.67E-04,8.199999809,,
,,,-7.66E-04,8.199999809,,
,,,-7.65E-04,8.199999809,,
,,,-7.64E-04,8.199999809,,
,,,-7.63E-04,8.199999809,,
,,,-7.62E-04,8.199999809,,
,,,-7.61E-04,8.199999809,,
,,,-7.60E-04,8.199999809,,
,,,-7.59E-04,8.199999809,,
,,,-7.58E-04,8.199999809,,
,,,-7.57E-04,8.199999809,,
,,,-7.56E-04,8.199999809,,
,,,-7.55E-04,8.199999809,,
,,,-7.54E-04,8.199999809,,
,,,-7.53E-04,8.199999809,,
,,,-7.52E-04,8.199999809,,
,,,-7.51E-04,8.199999809,,
,,,-7.50E-04,8.199999809,,
,,,-7.49E-04,8.199999809,,
,,,-7.48E-04,8.199999809,,
,,,-7.47E-04,8.199999809,,
,,,-7.46E-04,8.199999809,,
,,,-7.45E-04,8.199999809,,
,,,-7.44E-04,8.199999809,,
,,,-7.43E-04,8.199999809,,
,,,-7.42E-04,8.199999809,,
,,,-7.41E-04,8.199999809,,
,,,-7.40E-04,8.199999809,,
,,,-7.39E-04,8.199999809,,
,,,-7.38E-04,8.199999809,,
,,,-7.37E-04,8.199999809,,
,,,-7.36E-04,8.199999809,,
,,,-7.35E-04,8.199999809,,
,,,-7.34E-04,8.199999809,,
,,,-7.33E-04,8.199999809,,
,,,-7.32E-04,8.199999809,,
,,,-7.31E-04,8.199999809,,
,,,-7.30E-04,8.199999809,,
,,,-7.29E-04,8.199999809,,
,,,-7.28E-04,8.199999809,,
,,,-7.27E-04,8.199999809,,
,,,-7.26E-04,8.399999619,,
,,,-7.25E-04,8.199999809,,
,,,-7.24E-04,8.199999809,,
,,,-7.23E-04,8.199999809,,
,,,-7.22E-04,8.199999809,,
,,,-7.21E-04,8.399999619,,
,,,-7.20E-04,8.199999809,,
,,,-7.19E-04,8.199999809,,
,,,-7.18E-04,8.199999809,,
,,,-7.17E-04,8.199999809,,
,,,-7.16E-04,8.199999809,,
,,,-7.15E-04,8.199999809,,
,,,-7.14E-04,8.199999809,,
,,,-7.13E-04,8.199999809,,
,,,-7.12E-04,8.199999809,,
,,,-7.11E-04,8.199999809,,
,,,-7.10E-04,8.399999619,,
,,,-7.09E-04,8.199999809,,
,,,-7.08E-04,8.199999809,,
,,,-7.07E-04,8.199999809,,
,,,-7.06E-04,8.199999809,,
,,,-7.05E-04,8.199999809,,
,,,-7.04E-04,8.199999809,,
,,,-7.03E-04,8.199999809,,
,,,-7.02E-04,8.199999809,,
,,,-7.01E-04,8.199999809,,
,,,-7.00E-04,8.199999809,,
,,,-6.99E-04,8.199999809,,
,,,-6.98E-04,8.199999809,,
,,,-6.97E-04,8.199999809,,
,,,-6.96E-04,8.199999809,,
,,,-6.95E-04,8.399999619,,
,,,-6.94E-04,8.199999809,,
,,,-6.93E-04,8.199999809,,
,,,-6.92E-04,8.399999619,,
,,,-6.91E-04,8.199999809,,
,,,-6.90E-04,8.199999809,,
,,,-6.89E-04,8.199999809,,
,,,-6.88E-04,8.199999809,,
,,,-6.87E-04,8.199999809,,
,,,-6.86E-04,8.199999809,,
,,,-6.85E-04,8.199999809,,
,,,-6.84E-04,8.199999809,,
,,,-6.83E-04,8.199999809,,
,,,-6.82E-04,8.199999809,,
,,,-6.81E-04,8.199999809,,
,,,-6.80E-04,8.199999809,,
,,,-6.79E-04,8.199999809,,
,,,-6.78E-04,8.199999809,,
,,,-6.77E-04,8.199999809,,
,,,-6.76E-04,8.199999809,,
,,,-6.75E-04,8.199999809,,
,,,-6.74E-04,8.199999809,,
,,,-6.73E-04,8.199999809,,
,,,-6.72E-04,8.199999809,,
,,,-6.71E-04,8.399999619,,
,,,-6.70E-04,8.199999809,,
,,,-6.69E-04,8.199999809,,
,,,-6.68E-04,8.199999809,,
,,,-6.67E-04,8.199999809,,
,,,-6.66E-04,8.199999809,,
,,,-6.65E-04,8.199999809,,
,,,-6.64E-04,8.199999809,,
,,,-6.63E-04,8.199999809,,
,,,-6.62E-04,8.199999809,,
,,,-6.61E-04,8.199999809,,
,,,-6.60E-04,8.199999809,,
,,,-6.59E-04,8.199999809,,
,,,-6.58E-04,8.199999809,,
,,,-6.57E-04,8.399999619,,
,,,-6.56E-04,8.199999809,,
,,,-6.55E-04,8.199999809,,
,,,-6.54E-04,8.199999809,,
,,,-6.53E-04,8.199999809,,
,,,-6.52E-04,8.399999619,,
,,,-6.51E-04,8.199999809,,
,,,-6.50E-04,8.199999809,,
,,,-6.49E-04,8.199999809,,
,,,-6.48E-04,8.199999809,,
,,,-6.47E-04,8.199999809,,
,,,-6.46E-04,8.199999809,,
,,,-6.45E-04,8.199999809,,
,,,-6.44E-04,8.199999809,,
,,,-6.43E-04,8.399999619,,
,,,-6.42E-04,8.399999619,,
,,,-6.41E-04,8.199999809,,
,,,-6.40E-04,8.199999809,,
,,,-6.39E-04,8.199999809,,
,,,-6.38E-04,8.199999809,,
,,,-6.37E-04,8.199999809,,
,,,-6.36E-04,8.199999809,,
,,,-6.35E-04,8.199999809,,
,,,-6.34E-04,8.399999619,,
,,,-6.33E-04,8.199999809,,
,,,-6.32E-04,8.199999809,,
,,,-6.31E-04,8.199999809,,
,,,-6.30E-04,8.199999809,,
,,,-6.29E-04,8.199999809,,
,,,-6.28E-04,8.199999809,,
,,,-6.27E-04,8.199999809,,
,,,-6.26E-04,8.199999809,,
,,,-6.25E-04,8.199999809,,
,,,-6.24E-04,8.199999809,,
,,,-6.23E-04,8.199999809,,
,,,-6.22E-04,8.199999809,,
,,,-6.21E-04,8.199999809,,
,,,-6.20E-04,8.199999809,,
,,,-6.19E-04,8.199999809,,
,,,-6.18E-04,8.199999809,,
,,,-6.17E-04,8.199999809,,
,,,-6.16E-04,8.199999809,,
,,,-6.15E-04,8.199999809,,
,,,-6.14E-04,8.399999619,,
,,,-6.13E-04,8.199999809,,
,,,-6.12E-04,8.199999809,,
,,,-6.11E-04,8.199999809,,
,,,-6.10E-04,8.199999809,,
,,,-6.09E-04,8.199999809,,
,,,-6.08E-04,8.399999619,,
,,,-6.07E-04,8.199999809,,
,,,-6.06E-04,8.199999809,,
,,,-6.05E-04,8.199999809,,
,,,-6.04E-04,8.199999809,,
,,,-6.03E-04,8.199999809,,
,,,-6.02E-04,8.199999809,,
,,,-6.01E-04,8.199999809,,
,,,-6.00E-04,8.199999809,,
,,,-5.99E-04,8.199999809,,
,,,-5.98E-04,8.199999809,,
,,,-5.97E-04,8.199999809,,
,,,-5.96E-04,8.199999809,,
,,,-5.95E-04,8.199999809,,
,,,-5.94E-04,8.199999809,,
,,,-5.93E-04,8.199999809,,
,,,-5.92E-04,8.199999809,,
,,,-5.91E-04,8.199999809,,
,,,-5.90E-04,8.199999809,,
,,,-5.89E-04,8.199999809,,
,,,-5.88E-04,8.199999809,,
,,,-5.87E-04,8.199999809,,
,,,-5.86E-04,8.199999809,,
,,,-5.85E-04,8.199999809,,
,,,-5.84E-04,8.199999809,,
,,,-5.83E-04,8.199999809,,
,,,-5.82E-04,8.199999809,,
,,,-5.81E-04,8.199999809,,
,,,-5.80E-04,8.199999809,,
,,,-5.79E-04,8.199999809,,
,,,-5.78E-04,8.199999809,,
,,,-5.77E-04,8.199999809,,
,,,-5.76E-04,8.199999809,,
,,,-5.75E-04,8.399999619,,
,,,-5.74E-04,8.199999809,,
,,,-5.73E-04,8.199999809,,
,,,-5.72E-04,8.199999809,,
,,,-5.71E-04,8.199999809,,
,,,-5.70E-04,8.199999809,,
,,,-5.69E-04,8.199999809,,
,,,-5.68E-04,8.199999809,,
,,,-5.67E-04,8.199999809,,
,,,-5.66E-04,8.199999809,,
,,,-5.65E-04,8.199999809,,
,,,-5.64E-04,8.199999809,,
,,,-5.63E-04,8.199999809,,
,,,-5.62E-04,8.199999809,,
,,,-5.61E-04,8.199999809,,
,,,-5.60E-04,8.199999809,,
,,,-5.59E-04,8.199999809,,
,,,-5.58E-04,8.199999809,,
,,,-5.57E-04,8.199999809,,
,,,-5.56E-04,8.199999809,,
,,,-5.55E-04,8.199999809,,
,,,-5.54E-04,8.199999809,,
,,,-5.53E-04,8.199999809,,
,,,-5.52E-04,8.199999809,,
,,,-5.51E-04,8.199999809,,
,,,-5.50E-04,8.199999809,,
,,,-5.49E-04,8.199999809,,
,,,-5.48E-04,8.199999809,,
,,,-5.47E-04,8.199999809,,
,,,-5.46E-04,8.199999809,,
,,,-5.45E-04,8.199999809,,
,,,-5.44E-04,8.199999809,,
,,,-5.43E-04,8.199999809,,
,,,-5.42E-04,8.199999809,,
,,,-5.41E-04,8.199999809,,
,,,-5.40E-04,8.199999809,,
,,,-5.39E-04,8.199999809,,
,,,-5.38E-04,8.199999809,,
,,,-5.37E-04,8.399999619,,
,,,-5.36E-04,8.199999809,,
,,,-5.35E-04,8.199999809,,
,,,-5.34E-04,8.199999809,,
,,,-5.33E-04,8.199999809,,
,,,-5.32E-04,8.199999809,,
,,,-5.31E-04,8.199999809,,
,,,-5.30E-04,8.399999619,,
,,,-5.29E-04,8.199999809,,
,,,-5.28E-04,8.199999809,,
,,,-5.27E-04,8.199999809,,
,,,-5.26E-04,8.199999809,,
,,,-5.25E-04,8.199999809,,
,,,-5.24E-04,8.199999809,,
,,,-5.23E-04,8.199999809,,
,,,-5.22E-04,8.199999809,,
,,,-5.21E-04,8.199999809,,
,,,-5.20E-04,8.199999809,,
,,,-5.19E-04,8.199999809,,
,,,-5.18E-04,8.199999809,,
,,,-5.17E-04,8.199999809,,
,,,-5.16E-04,8.199999809,,
,,,-5.15E-04,8.199999809,,
,,,-5.14E-04,8.199999809,,
,,,-5.13E-04,8.199999809,,
,,,-5.12E-04,8.199999809,,
,,,-5.11E-04,8.199999809,,
,,,-5.10E-04,8.199999809,,
,,,-5.09E-04,8.199999809,,
,,,-5.08E-04,8.199999809,,
,,,-5.07E-04,8.199999809,,
,,,-5.06E-04,8.199999809,,
,,,-5.05E-04,8.199999809,,
,,,-5.04E-04,8.199999809,,
,,,-5.03E-04,8.199999809,,
,,,-5.02E-04,8.199999809,,
,,,-5.01E-04,8.199999809,,
,,,-5.00E-04,8.199999809,,
,,,-4.99E-04,8.199999809,,
,,,-4.98E-04,8.199999809,,
,,,-4.97E-04,8.199999809,,
,,,-4.96E-04,8.199999809,,
,,,-4.95E-04,8.199999809,,
,,,-4.94E-04,8.199999809,,
,,,-4.93E-04,8.199999809,,
,,,-4.92E-04,8.199999809,,
,,,-4.91E-04,8.399999619,,
,,,-4.90E-04,8.199999809,,
,,,-4.89E-04,8.199999809,,
,,,-4.88E-04,8.199999809,,
,,,-4.87E-04,8.199999809,,
,,,-4.86E-04,8.199999809,,
,,,-4.85E-04,8.199999809,,
,,,-4.84E-04,8.199999809,,
,,,-4.83E-04,8.199999809,,
,,,-4.82E-04,8.199999809,,
,,,-4.81E-04,8.199999809,,
,,,-4.80E-04,8.199999809,,
,,,-4.79E-04,8.199999809,,
,,,-4.78E-04,8.199999809,,
,,,-4.77E-04,8.199999809,,
,,,-4.76E-04,8.199999809,,
,,,-4.75E-04,8.199999809,,
,,,-4.74E-04,8.199999809,,
,,,-4.73E-04,8.199999809,,
,,,-4.72E-04,8.199999809,,
,,,-4.71E-04,8.199999809,,
,,,-4.70E-04,8.399999619,,
,,,-4.69E-04,8.199999809,,
,,,-4.68E-04,8.399999619,,
,,,-4.67E-04,8.199999809,,
,,,-4.66E-04,8.199999809,,
,,,-4.65E-04,8.199999809,,
,,,-4.64E-04,8.199999809,,
,,,-4.63E-04,8.399999619,,
,,,-4.62E-04,8.199999809,,
,,,-4.61E-04,8.199999809,,
,,,-4.60E-04,8.199999809,,
,,,-4.59E-04,8.199999809,,
,,,-4.58E-04,8.199999809,,
,,,-4.57E-04,8.199999809,,
,,,-4.56E-04,8.199999809,,
,,,-4.55E-04,8.199999809,,
,,,-4.54E-04,8.199999809,,
,,,-4.53E-04,8.199999809,,
,,,-4.52E-04,8.199999809,,
,,,-4.51E-04,8.199999809,,
,,,-4.50E-04,8.199999809,,
,,,-4.49E-04,8.199999809,,
,,,-4.48E-04,8.199999809,,
,,,-4.47E-04,8.199999809,,
,,,-4.46E-04,8.199999809,,
,,,-4.45E-04,8.199999809,,
,,,-4.44E-04,8.199999809,,
,,,-4.43E-04,8.199999809,,
,,,-4.42E-04,8.199999809,,
,,,-4.41E-04,8.199999809,,
,,,-4.40E-04,8.199999809,,
,,,-4.39E-04,8.199999809,,
,,,-4.38E-04,8.199999809,,
,,,-4.37E-04,8.199999809,,
,,,-4.36E-04,8.199999809,,
,,,-4.35E-04,8.199999809,,
,,,-4.34E-04,8.199999809,,
,,,-4.33E-04,8.199999809,,
,,,-4.32E-04,8.399999619,,
,,,-4.31E-04,8.199999809,,
,,,-4.30E-04,8.199999809,,
,,,-4.29E-04,8.199999809,,
,,,-4.28E-04,8.199999809,,
,,,-4.27E-04,8.199999809,,
,,,-4.26E-04,8.199999809,,
,,,-4.25E-04,8.199999809,,
,,,-4.24E-04,8.199999809,,
,,,-4.23E-04,8.399999619,,
,,,-4.22E-04,8.199999809,,
,,,-4.21E-04,8.199999809,,
,,,-4.20E-04,8.199999809,,
,,,-4.19E-04,8.199999809,,
,,,-4.18E-04,8.199999809,,
,,,-4.17E-04,8.199999809,,
,,,-4.16E-04,8.199999809,,
,,,-4.15E-04,8.199999809,,
,,,-4.14E-04,8.199999809,,
,,,-4.13E-04,8.199999809,,
,,,-4.12E-04,8.199999809,,
,,,-4.11E-04,8.199999809,,
,,,-4.10E-04,8.199999809,,
,,,-4.09E-04,8.399999619,,
,,,-4.08E-04,8.199999809,,
,,,-4.07E-04,8.199999809,,
,,,-4.06E-04,8.199999809,,
,,,-4.05E-04,8.199999809,,
,,,-4.04E-04,8.199999809,,
,,,-4.03E-04,8.199999809,,
,,,-4.02E-04,8.199999809,,
,,,-4.01E-04,8.199999809,,
,,,-4.00E-04,8.199999809,,
,,,-3.99E-04,8.199999809,,
,,,-3.98E-04,8.199999809,,
,,,-3.97E-04,8.199999809,,
,,,-3.96E-04,8.199999809,,
,,,-3.95E-04,8.199999809,,
,,,-3.94E-04,8.399999619,,
,,,-3.93E-04,8.199999809,,
,,,-3.92E-04,8.199999809,,
,,,-3.91E-04,8.199999809,,
,,,-3.90E-04,8.199999809,,
,,,-3.89E-04,8.199999809,,
,,,-3.88E-04,8.399999619,,
,,,-3.87E-04,8.199999809,,
,,,-3.86E-04,8.199999809,,
,,,-3.85E-04,8.199999809,,
,,,-3.84E-04,8.199999809,,
,,,-3.83E-04,8.199999809,,
,,,-3.82E-04,8.199999809,,
,,,-3.81E-04,8.199999809,,
,,,-3.80E-04,8.199999809,,
,,,-3.79E-04,8.199999809,,
,,,-3.78E-04,8.199999809,,
,,,-3.77E-04,8.199999809,,
,,,-3.76E-04,8.199999809,,
,,,-3.75E-04,8.199999809,,
,,,-3.74E-04,8.399999619,,
,,,-3.73E-04,8.199999809,,
,,,-3.72E-04,8.199999809,,
,,,-3.71E-04,8.199999809,,
,,,-3.70E-04,8.399999619,,
,,,-3.69E-04,8.199999809,,
,,,-3.68E-04,8.199999809,,
,,,-3.67E-04,8.199999809,,
,,,-3.66E-04,8.199999809,,
,,,-3.65E-04,8.199999809,,
,,,-3.64E-04,8.199999809,,
,,,-3.63E-04,8.199999809,,
,,,-3.62E-04,8.399999619,,
,,,-3.61E-04,8.199999809,,
,,,-3.60E-04,8.199999809,,
,,,-3.59E-04,8.199999809,,
,,,-3.58E-04,8.199999809,,
,,,-3.57E-04,8.199999809,,
,,,-3.56E-04,8.199999809,,
,,,-3.55E-04,8.199999809,,
,,,-3.54E-04,8.399999619,,
,,,-3.53E-04,8.199999809,,
,,,-3.52E-04,8.199999809,,
,,,-3.51E-04,8.199999809,,
,,,-3.50E-04,8.199999809,,
,,,-3.49E-04,8.199999809,,
,,,-3.48E-04,8.199999809,,
,,,-3.47E-04,8.199999809,,
,,,-3.46E-04,8.199999809,,
,,,-3.45E-04,8.399999619,,
,,,-3.44E-04,8.399999619,,
,,,-3.43E-04,8.199999809,,
,,,-3.42E-04,8.199999809,,
,,,-3.41E-04,8.199999809,,
,,,-3.40E-04,8.199999809,,
,,,-3.39E-04,8.199999809,,
,,,-3.38E-04,8.199999809,,
,,,-3.37E-04,8.199999809,,
,,,-3.36E-04,8.199999809,,
,,,-3.35E-04,8.199999809,,
,,,-3.34E-04,8.199999809,,
,,,-3.33E-04,8.199999809,,
,,,-3.32E-04,8.199999809,,
,,,-3.31E-04,8.199999809,,
,,,-3.30E-04,8.199999809,,
,,,-3.29E-04,8.199999809,,
,,,-3.28E-04,8.199999809,,
,,,-3.27E-04,8.199999809,,
,,,-3.26E-04,8.199999809,,
,,,-3.25E-04,7.999999523,,
,,,-3.24E-04,8.199999809,,
,,,-3.23E-04,8.199999809,,
,,,-3.22E-04,8.199999809,,
,,,-3.21E-04,8.199999809,,
,,,-3.20E-04,8.199999809,,
,,,-3.19E-04,8.199999809,,
,,,-3.18E-04,8.199999809,,
,,,-3.17E-04,8.199999809,,
,,,-3.16E-04,8.199999809,,
,,,-3.15E-04,8.199999809,,
,,,-3.14E-04,8.199999809,,
,,,-3.13E-04,8.199999809,,
,,,-3.12E-04,8.199999809,,
,,,-3.11E-04,8.199999809,,
,,,-3.10E-04,8.199999809,,
,,,-3.09E-04,8.199999809,,
,,,-3.08E-04,8.199999809,,
,,,-3.07E-04,8.199999809,,
,,,-3.06E-04,8.199999809,,
,,,-3.05E-04,8.199999809,,
,,,-3.04E-04,8.199999809,,
,,,-3.03E-04,8.199999809,,
,,,-3.02E-04,8.199999809,,
,,,-3.01E-04,8.199999809,,
,,,-3.00E-04,8.199999809,,
,,,-2.99E-04,8.199999809,,
,,,-2.98E-04,8.199999809,,
,,,-2.97E-04,8.199999809,,
,,,-2.96E-04,8.199999809,,
,,,-2.95E-04,8.199999809,,
,,,-2.94E-04,8.199999809,,
,,,-2.93E-04,8.199999809,,
,,,-2.92E-04,8.199999809,,
,,,-2.91E-04,8.199999809,,
,,,-2.90E-04,8.199999809,,
,,,-2.89E-04,8.199999809,,
,,,-2.88E-04,8.199999809,,
,,,-2.87E-04,8.199999809,,
,,,-2.86E-04,8.199999809,,
,,,-2.85E-04,8.199999809,,
,,,-2.84E-04,8.199999809,,
,,,-2.83E-04,8.199999809,,
,,,-2.82E-04,8.199999809,,
,,,-2.81E-04,8.199999809,,
,,,-2.80E-04,8.199999809,,
,,,-2.79E-04,8.199999809,,
,,,-2.78E-04,8.199999809,,
,,,-2.77E-04,8.199999809,,
,,,-2.76E-04,8.199999809,,
,,,-2.75E-04,8.199999809,,
,,,-2.74E-04,8.199999809,,
,,,-2.73E-04,8.199999809,,
,,,-2.72E-04,8.199999809,,
,,,-2.71E-04,8.199999809,,
,,,-2.70E-04,8.199999809,,
,,,-2.69E-04,8.199999809,,
,,,-2.68E-04,8.199999809,,
,,,-2.67E-04,8.199999809,,
,,,-2.66E-04,8.199999809,,
,,,-2.65E-04,8.199999809,,
,,,-2.64E-04,8.199999809,,
,,,-2.63E-04,8.199999809,,
,,,-2.62E-04,8.199999809,,
,,,-2.61E-04,8.199999809,,
,,,-2.60E-04,8.199999809,,
,,,-2.59E-04,8.199999809,,
,,,-2.58E-04,8.199999809,,
,,,-2.57E-04,8.199999809,,
,,,-2.56E-04,8.199999809,,
,,,-2.55E-04,8.199999809,,
,,,-2.54E-04,8.199999809,,
,,,-2.53E-04,8.199999809,,
,,,-2.52E-04,8.199999809,,
,,,-2.51E-04,8.199999809,,
,,,-2.50E-04,8.199999809,,
,,,-2.49E-04,8.199999809,,
,,,-2.48E-04,8.199999809,,
,,,-2.47E-04,8.199999809,,
,,,-2.46E-04,8.199999809,,
,,,-2.45E-04,8.199999809,,
,,,-2.44E-04,8.199999809,,
,,,-2.43E-04,8.199999809,,
,,,-2.42E-04,8.199999809,,
,,,-2.41E-04,8.399999619,,
,,,-2.40E-04,8.199999809,,
,,,-2.39E-04,8.199999809,,
,,,-2.38E-04,8.399999619,,
,,,-2.37E-04,8.199999809,,
,,,-2.36E-04,8.199999809,,
,,,-2.35E-04,8.399999619,,
,,,-2.34E-04,8.199999809,,
,,,-2.33E-04,8.199999809,,
,,,-2.32E-04,8.199999809,,
,,,-2.31E-04,8.199999809,,
,,,-2.30E-04,8.199999809,,
,,,-2.29E-04,8.199999809,,
,,,-2.28E-04,8.199999809,,
,,,-2.27E-04,8.199999809,,
,,,-2.26E-04,8.199999809,,
,,,-2.25E-04,8.199999809,,
,,,-2.24E-04,8.199999809,,
,,,-2.23E-04,8.199999809,,
,,,-2.22E-04,8.199999809,,
,,,-2.21E-04,8.199999809,,
,,,-2.20E-04,8.199999809,,
,,,-2.19E-04,8.199999809,,
,,,-2.18E-04,8.199999809,,
,,,-2.17E-04,8.199999809,,
,,,-2.16E-04,8.199999809,,
,,,-2.15E-04,8.199999809,,
,,,-2.14E-04,8.199999809,,
,,,-2.13E-04,8.199999809,,
,,,-2.12E-04,8.199999809,,
,,,-2.11E-04,8.199999809,,
,,,-2.10E-04,8.199999809,,
,,,-2.09E-04,8.199999809,,
,,,-2.08E-04,8.199999809,,
,,,-2.07E-04,8.199999809,,
,,,-2.06E-04,8.199999809,,
,,,-2.05E-04,8.199999809,,
,,,-2.04E-04,8.199999809,,
,,,-2.03E-04,8.199999809,,
,,,-2.02E-04,8.199999809,,
,,,-2.01E-04,8.199999809,,
,,,-2.00E-04,8.199999809,,
,,,-1.99E-04,8.199999809,,
,,,-1.98E-04,8.199999809,,
,,,-1.97E-04,8.199999809,,
,,,-1.96E-04,8.199999809,,
,,,-1.95E-04,8.199999809,,
,,,-1.94E-04,8.199999809,,
,,,-1.93E-04,8.399999619,,
,,,-1.92E-04,8.199999809,,
,,,-1.91E-04,8.199999809,,
,,,-1.90E-04,8.199999809,,
,,,-1.89E-04,8.199999809,,
,,,-1.88E-04,8.199999809,,
,,,-1.87E-04,8.199999809,,
,,,-1.86E-04,8.199999809,,
,,,-1.85E-04,8.199999809,,
,,,-1.84E-04,8.199999809,,
,,,-1.83E-04,8.199999809,,
,,,-1.82E-04,8.199999809,,
,,,-1.81E-04,8.199999809,,
,,,-1.80E-04,8.199999809,,
,,,-1.79E-04,8.199999809,,
,,,-1.78E-04,8.199999809,,
,,,-1.77E-04,8.199999809,,
,,,-1.76E-04,8.199999809,,
,,,-1.75E-04,8.199999809,,
,,,-1.74E-04,8.199999809,,
,,,-1.73E-04,8.199999809,,
,,,-1.72E-04,8.199999809,,
,,,-1.71E-04,8.199999809,,
,,,-1.70E-04,8.199999809,,
,,,-1.69E-04,8.199999809,,
,,,-1.68E-04,8.199999809,,
,,,-1.67E-04,8.199999809,,
,,,-1.66E-04,8.199999809,,
,,,-1.65E-04,8.199999809,,
,,,-1.64E-04,8.199999809,,
,,,-1.63E-04,8.199999809,,
,,,-1.62E-04,8.199999809,,
,,,-1.61E-04,8.199999809,,
,,,-1.60E-04,8.199999809,,
,,,-1.59E-04,8.199999809,,
,,,-1.58E-04,8.199999809,,
,,,-1.57E-04,8.399999619,,
,,,-1.56E-04,8.199999809,,
,,,-1.55E-04,8.199999809,,
,,,-1.54E-04,8.199999809,,
,,,-1.53E-04,8.199999809,,
,,,-1.52E-04,8.199999809,,
,,,-1.51E-04,8.199999809,,
,,,-1.50E-04,8.199999809,,
,,,-1.49E-04,8.199999809,,
,,,-1.48E-04,8.199999809,,
,,,-1.47E-04,8.399999619,,
,,,-1.46E-04,8.199999809,,
,,,-1.45E-04,8.399999619,,
,,,-1.44E-04,8.199999809,,
,,,-1.43E-04,8.399999619,,
,,,-1.42E-04,8.199999809,,
,,,-1.41E-04,8.199999809,,
,,,-1.40E-04,8.199999809,,
,,,-1.39E-04,8.199999809,,
,,,-1.38E-04,8.199999809,,
,,,-1.37E-04,8.199999809,,
,,,-1.36E-04,8.199999809,,
,,,-1.35E-04,8.199999809,,
,,,-1.34E-04,8.199999809,,
,,,-1.33E-04,8.199999809,,
,,,-1.32E-04,8.199999809,,
,,,-1.31E-04,8.199999809,,
,,,-1.30E-04,8.199999809,,
,,,-1.29E-04,8.199999809,,
,,,-1.28E-04,8.199999809,,
,,,-1.27E-04,8.199999809,,
,,,-1.26E-04,8.199999809,,
,,,-1.25E-04,8.199999809,,
,,,-1.24E-04,8.399999619,,
,,,-1.23E-04,8.199999809,,
,,,-1.22E-04,8.199999809,,
,,,-1.21E-04,8.199999809,,
,,,-1.20E-04,8.199999809,,
,,,-1.19E-04,8.199999809,,
,,,-1.18E-04,8.199999809,,
,,,-1.17E-04,8.199999809,,
,,,-1.16E-04,8.199999809,,
,,,-1.15E-04,8.199999809,,
,,,-1.14E-04,8.199999809,,
,,,-1.13E-04,8.199999809,,
,,,-1.12E-04,8.199999809,,
,,,-1.11E-04,8.199999809,,
,,,-1.10E-04,8.199999809,,
,,,-1.09E-04,8.199999809,,
,,,-1.08E-04,8.199999809,,
,,,-1.07E-04,8.199999809,,
,,,-1.06E-04,8.199999809,,
,,,-1.05E-04,8.199999809,,
,,,-1.04E-04,8.199999809,,
,,,-1.03E-04,8.399999619,,
,,,-1.02E-04,8.199999809,,
,,,-1.01E-04,8.199999809,,
,,,-1.00E-04,8.199999809,,
,,,-9.90E-05,8.199999809,,
,,,-9.80E-05,8.199999809,,
,,,-9.70E-05,8.199999809,,
,,,-9.60E-05,8.199999809,,
,,,-9.50E-05,8.199999809,,
,,,-9.40E-05,8.199999809,,
,,,-9.30E-05,8.199999809,,
,,,-9.20E-05,8.199999809,,
,,,-9.10E-05,8.199999809,,
,,,-9.00E-05,8.199999809,,
,,,-8.90E-05,8.199999809,,
,,,-8.80E-05,8.199999809,,
,,,-8.70E-05,8.199999809,,
,,,-8.60E-05,8.199999809,,
,,,-8.50E-05,8.399999619,,
,,,-8.40E-05,8.199999809,,
,,,-8.30E-05,8.199999809,,
,,,-8.20E-05,8.199999809,,
,,,-8.10E-05,8.199999809,,
,,,-8.00E-05,8.199999809,,
,,,-7.90E-05,8.199999809,,
,,,-7.80E-05,8.199999809,,
,,,-7.70E-05,8.399999619,,
,,,-7.60E-05,8.199999809,,
,,,-7.50E-05,8.199999809,,
,,,-7.40E-05,8.199999809,,
,,,-7.30E-05,8.199999809,,
,,,-7.20E-05,8.199999809,,
,,,-7.10E-05,8.199999809,,
,,,-7.00E-05,8.199999809,,
,,,-6.90E-05,8.199999809,,
,,,-6.80E-05,8.199999809,,
,,,-6.70E-05,8.199999809,,
,,,-6.60E-05,8.199999809,,
,,,-6.50E-05,8.199999809,,
,,,-6.40E-05,8.199999809,,
,,,-6.30E-05,8.199999809,,
,,,-6.20E-05,8.199999809,,
,,,-6.10E-05,8.199999809,,
,,,-6.00E-05,8.199999809,,
,,,-5.90E-05,8.199999809,,
,,,-5.80E-05,8.199999809,,
,,,-5.70E-05,8.199999809,,
,,,-5.60E-05,8.199999809,,
,,,-5.50E-05,8.399999619,,
,,,-5.40E-05,8.199999809,,
,,,-5.30E-05,8.199999809,,
,,,-5.20E-05,8.199999809,,
,,,-5.10E-05,8.199999809,,
,,,-5.00E-05,8.199999809,,
,,,-4.90E-05,8.399999619,,
,,,-4.80E-05,8.199999809,,
,,,-4.70E-05,8.399999619,,
,,,-4.60E-05,8.199999809,,
,,,-4.50E-05,8.199999809,,
,,,-4.40E-05,8.199999809,,
,,,-4.30E-05,8.199999809,,
,,,-4.20E-05,8.199999809,,
,,,-4.10E-05,8.199999809,,
,,,-4.00E-05,8.199999809,,
,,,-3.90E-05,8.199999809,,
,,,-3.80E-05,8.199999809,,
,,,-3.70E-05,8.199999809,,
,,,-3.60E-05,8.199999809,,
,,,-3.50E-05,8.199999809,,
,,,-3.40E-05,8.199999809,,
,,,-3.30E-05,8.199999809,,
,,,-3.20E-05,8.199999809,,
,,,-3.10E-05,8.199999809,,
,,,-3.00E-05,8.199999809,,
,,,-2.90E-05,8.199999809,,
,,,-2.80E-05,8.199999809,,
,,,-2.70E-05,8.199999809,,
,,,-2.60E-05,8.199999809,,
,,,-2.50E-05,8.199999809,,
,,,-2.40E-05,8.199999809,,
,,,-2.30E-05,8.199999809,,
,,,-2.20E-05,8.199999809,,
,,,-2.10E-05,8.199999809,,
,,,-2.00E-05,8.199999809,,
,,,-1.90E-05,8.199999809,,
,,,-1.80E-05,8.199999809,,
,,,-1.70E-05,8.199999809,,
,,,-1.60E-05,8.199999809,,
,,,-1.50E-05,8.199999809,,
,,,-1.40E-05,8.199999809,,
,,,-1.30E-05,8.199999809,,
,,,-1.20E-05,8.199999809,,
,,,-1.10E-05,8.199999809,,
,,,-1.00E-05,8.199999809,,
,,,-9.00E-06,8.199999809,,
,,,-8.00E-06,8.199999809,,
,,,-7.00E-06,8.399999619,,
,,,-6.00E-06,8.199999809,,
,,,-5.00E-06,8.199999809,,
,,,-4.00E-06,8.199999809,,
,,,-3.00E-06,8.199999809,,
,,,-2.00E-06,8.199999809,,
,,,-1.00E-06,8.199999809,,
,,,-9.16E-11,8.199999809,,
,,,1.00E-06,8.199999809,,
,,,2.00E-06,8.199999809,,
,,,3.00E-06,8.199999809,,
,,,4.00E-06,8.199999809,,
,,,5.00E-06,8.199999809,,
,,,6.00E-06,8.199999809,,
,,,7.00E-06,8.199999809,,
,,,8.00E-06,8.199999809,,
,,,9.00E-06,8.199999809,,
,,,1.00E-05,8.199999809,,
,,,1.10E-05,8.199999809,,
,,,1.20E-05,8.199999809,,
,,,1.30E-05,8.199999809,,
,,,1.40E-05,8.199999809,,
,,,1.50E-05,8.199999809,,
,,,1.60E-05,8.199999809,,
,,,1.70E-05,8.199999809,,
,,,1.80E-05,8.199999809,,
,,,1.90E-05,8.199999809,,
,,,2.00E-05,8.199999809,,
,,,2.10E-05,8.199999809,,
,,,2.20E-05,8.399999619,,
,,,2.30E-05,8.199999809,,
,,,2.40E-05,8.199999809,,
,,,2.50E-05,8.199999809,,
,,,2.60E-05,8.199999809,,
,,,2.70E-05,8.199999809,,
,,,2.80E-05,8.199999809,,
,,,2.90E-05,8.199999809,,
,,,3.00E-05,8.199999809,,
,,,3.10E-05,8.199999809,,
,,,3.20E-05,8.399999619,,
,,,3.30E-05,8.399999619,,
,,,3.40E-05,8.199999809,,
,,,3.50E-05,8.199999809,,
,,,3.60E-05,8.199999809,,
,,,3.70E-05,8.199999809,,
,,,3.80E-05,8.199999809,,
,,,3.90E-05,8.199999809,,
,,,4.00E-05,8.199999809,,
,,,4.10E-05,8.199999809,,
,,,4.20E-05,8.199999809,,
,,,4.30E-05,8.199999809,,
,,,4.40E-05,8.199999809,,
,,,4.50E-05,8.199999809,,
,,,4.60E-05,8.199999809,,
,,,4.70E-05,8.199999809,,
,,,4.80E-05,8.199999809,,
,,,4.90E-05,8.199999809,,
,,,5.00E-05,8.199999809,,
,,,5.10E-05,8.199999809,,
,,,5.20E-05,8.199999809,,
,,,5.30E-05,8.199999809,,
,,,5.40E-05,8.199999809,,
,,,5.50E-05,8.199999809,,
,,,5.60E-05,8.199999809,,
,,,5.70E-05,8.199999809,,
,,,5.80E-05,8.199999809,,
,,,5.90E-05,8.199999809,,
,,,6.00E-05,8.199999809,,
,,,6.10E-05,8.199999809,,
,,,6.20E-05,8.199999809,,
,,,6.30E-05,8.199999809,,
,,,6.40E-05,8.199999809,,
,,,6.50E-05,8.199999809,,
,,,6.60E-05,8.199999809,,
,,,6.70E-05,8.199999809,,
,,,6.80E-05,8.199999809,,
,,,6.90E-05,8.199999809,,
,,,7.00E-05,8.199999809,,
,,,7.10E-05,8.199999809,,
,,,7.20E-05,8.399999619,,
,,,7.30E-05,8.199999809,,
,,,7.40E-05,8.199999809,,
,,,7.50E-05,8.199999809,,
,,,7.60E-05,8.199999809,,
,,,7.70E-05,8.199999809,,
,,,7.80E-05,8.199999809,,
,,,7.90E-05,8.199999809,,
,,,8.00E-05,8.199999809,,
,,,8.10E-05,8.399999619,,
,,,8.20E-05,8.199999809,,
,,,8.30E-05,8.199999809,,
,,,8.40E-05,8.199999809,,
,,,8.50E-05,8.199999809,,
,,,8.60E-05,8.199999809,,
,,,8.70E-05,8.199999809,,
,,,8.80E-05,8.199999809,,
,,,8.90E-05,8.199999809,,
,,,9.00E-05,8.199999809,,
,,,9.10E-05,8.199999809,,
,,,9.20E-05,8.199999809,,
,,,9.30E-05,8.199999809,,
,,,9.40E-05,8.199999809,,
,,,9.50E-05,8.199999809,,
,,,9.60E-05,8.199999809,,
,,,9.70E-05,8.199999809,,
,,,9.80E-05,8.199999809,,
,,,9.90E-05,8.199999809,,
,,,1.00E-04,8.199999809,,
,,,1.01E-04,8.199999809,,
,,,1.02E-04,8.199999809,,
,,,1.03E-04,8.199999809,,
,,,1.04E-04,8.399999619,,
,,,1.05E-04,8.199999809,,
,,,1.06E-04,8.199999809,,
,,,1.07E-04,8.199999809,,
,,,1.08E-04,8.199999809,,
,,,1.09E-04,8.199999809,,
,,,1.10E-04,8.199999809,,
,,,1.11E-04,8.199999809,,
,,,1.12E-04,8.399999619,,
,,,1.13E-04,8.199999809,,
,,,1.14E-04,8.199999809,,
,,,1.15E-04,8.199999809,,
,,,1.16E-04,8.199999809,,
,,,1.17E-04,8.199999809,,
,,,1.18E-04,8.199999809,,
,,,1.19E-04,8.199999809,,
,,,1.20E-04,8.199999809,,
,,,1.21E-04,8.199999809,,
,,,1.22E-04,8.399999619,,
,,,1.23E-04,8.199999809,,
,,,1.24E-04,8.199999809,,
,,,1.25E-04,8.399999619,,
,,,1.26E-04,8.399999619,,
,,,1.27E-04,8.199999809,,
,,,1.28E-04,8.199999809,,
,,,1.29E-04,8.199999809,,
,,,1.30E-04,8.199999809,,
,,,1.31E-04,8.199999809,,
,,,1.32E-04,8.199999809,,
,,,1.33E-04,8.199999809,,
,,,1.34E-04,8.199999809,,
,,,1.35E-04,8.399999619,,
,,,1.36E-04,8.199999809,,
,,,1.37E-04,8.199999809,,
,,,1.38E-04,8.199999809,,
,,,1.39E-04,8.199999809,,
,,,1.40E-04,8.199999809,,
,,,1.41E-04,8.199999809,,
,,,1.42E-04,8.199999809,,
,,,1.43E-04,8.199999809,,
,,,1.44E-04,8.199999809,,
,,,1.45E-04,8.199999809,,
,,,1.46E-04,8.199999809,,
,,,1.47E-04,8.199999809,,
,,,1.48E-04,8.199999809,,
,,,1.49E-04,8.199999809,,
,,,1.50E-04,8.199999809,,
,,,1.51E-04,8.199999809,,
,,,1.52E-04,8.199999809,,
,,,1.53E-04,8.199999809,,
,,,1.54E-04,8.199999809,,
,,,1.55E-04,8.199999809,,
,,,1.56E-04,8.199999809,,
,,,1.57E-04,8.199999809,,
,,,1.58E-04,8.199999809,,
,,,1.59E-04,8.199999809,,
,,,1.60E-04,8.199999809,,
,,,1.61E-04,8.199999809,,
,,,1.62E-04,8.199999809,,
,,,1.63E-04,8.199999809,,
,,,1.64E-04,8.199999809,,
,,,1.65E-04,8.199999809,,
,,,1.66E-04,8.199999809,,
,,,1.67E-04,8.199999809,,
,,,1.68E-04,8.199999809,,
,,,1.69E-04,8.199999809,,
,,,1.70E-04,8.199999809,,
,,,1.71E-04,8.199999809,,
,,,1.72E-04,8.199999809,,
,,,1.73E-04,8.199999809,,
,,,1.74E-04,8.199999809,,
,,,1.75E-04,8.199999809,,
,,,1.76E-04,8.199999809,,
,,,1.77E-04,8.199999809,,
,,,1.78E-04,8.199999809,,
,,,1.79E-04,8.199999809,,
,,,1.80E-04,8.199999809,,
,,,1.81E-04,8.199999809,,
,,,1.82E-04,8.199999809,,
,,,1.83E-04,8.199999809,,
,,,1.84E-04,8.199999809,,
,,,1.85E-04,8.399999619,,
,,,1.86E-04,8.199999809,,
,,,1.87E-04,8.199999809,,
,,,1.88E-04,8.199999809,,
,,,1.89E-04,8.199999809,,
,,,1.90E-04,8.199999809,,
,,,1.91E-04,8.199999809,,
,,,1.92E-04,8.199999809,,
,,,1.93E-04,8.199999809,,
,,,1.94E-04,8.199999809,,
,,,1.95E-04,8.199999809,,
,,,1.96E-04,8.199999809,,
,,,1.97E-04,8.199999809,,
,,,1.98E-04,8.199999809,,
,,,1.99E-04,8.199999809,,
,,,2.00E-04,8.199999809,,
,,,2.01E-04,8.199999809,,
,,,2.02E-04,8.399999619,,
,,,2.03E-04,8.199999809,,
,,,2.04E-04,8.199999809,,
,,,2.05E-04,8.199999809,,
,,,2.06E-04,8.199999809,,
,,,2.07E-04,8.199999809,,
,,,2.08E-04,8.199999809,,
,,,2.09E-04,8.199999809,,
,,,2.10E-04,8.199999809,,
,,,2.11E-04,8.199999809,,
,,,2.12E-04,8.199999809,,
,,,2.13E-04,8.199999809,,
,,,2.14E-04,8.199999809,,
,,,2.15E-04,8.199999809,,
,,,2.16E-04,8.199999809,,
,,,2.17E-04,8.199999809,,
,,,2.18E-04,8.199999809,,
,,,2.19E-04,8.199999809,,
,,,2.20E-04,8.399999619,,
,,,2.21E-04,8.199999809,,
,,,2.22E-04,8.199999809,,
,,,2.23E-04,8.199999809,,
,,,2.24E-04,8.199999809,,
,,,2.25E-04,8.399999619,,
,,,2.26E-04,8.199999809,,
,,,2.27E-04,8.199999809,,
,,,2.28E-04,8.199999809,,
,,,2.29E-04,8.199999809,,
,,,2.30E-04,8.199999809,,
,,,2.31E-04,8.199999809,,
,,,2.32E-04,8.199999809,,
,,,2.33E-04,8.199999809,,
,,,2.34E-04,8.199999809,,
,,,2.35E-04,8.199999809,,
,,,2.36E-04,8.199999809,,
,,,2.37E-04,8.199999809,,
,,,2.38E-04,8.199999809,,
,,,2.39E-04,8.199999809,,
,,,2.40E-04,8.399999619,,
,,,2.41E-04,8.199999809,,
,,,2.42E-04,8.199999809,,
,,,2.43E-04,8.199999809,,
,,,2.44E-04,8.199999809,,
,,,2.45E-04,8.199999809,,
,,,2.46E-04,8.199999809,,
,,,2.47E-04,8.399999619,,
,,,2.48E-04,8.199999809,,
,,,2.49E-04,8.199999809,,
,,,2.50E-04,8.199999809,,
,,,2.51E-04,8.199999809,,
,,,2.52E-04,8.199999809,,
,,,2.53E-04,8.199999809,,
,,,2.54E-04,8.199999809,,
,,,2.55E-04,8.199999809,,
,,,2.56E-04,8.199999809,,
,,,2.57E-04,8.199999809,,
,,,2.58E-04,8.199999809,,
,,,2.59E-04,8.199999809,,
,,,2.60E-04,8.199999809,,
,,,2.61E-04,8.199999809,,
,,,2.62E-04,8.199999809,,
,,,2.63E-04,8.199999809,,
,,,2.64E-04,8.199999809,,
,,,2.65E-04,8.399999619,,
,,,2.66E-04,8.199999809,,
,,,2.67E-04,8.199999809,,
,,,2.68E-04,8.199999809,,
,,,2.69E-04,8.199999809,,
,,,2.70E-04,8.199999809,,
,,,2.71E-04,8.199999809,,
,,,2.72E-04,8.199999809,,
,,,2.73E-04,8.199999809,,
,,,2.74E-04,8.199999809,,
,,,2.75E-04,8.199999809,,
,,,2.76E-04,8.199999809,,
,,,2.77E-04,8.199999809,,
,,,2.78E-04,8.199999809,,
,,,2.79E-04,8.199999809,,
,,,2.80E-04,8.199999809,,
,,,2.81E-04,8.199999809,,
,,,2.82E-04,8.199999809,,
,,,2.83E-04,8.199999809,,
,,,2.84E-04,8.199999809,,
,,,2.85E-04,8.199999809,,
,,,2.86E-04,8.199999809,,
,,,2.87E-04,8.199999809,,
,,,2.88E-04,8.199999809,,
,,,2.89E-04,8.199999809,,
,,,2.90E-04,8.199999809,,
,,,2.91E-04,8.199999809,,
,,,2.92E-04,8.199999809,,
,,,2.93E-04,8.399999619,,
,,,2.94E-04,8.199999809,,
,,,2.95E-04,8.199999809,,
,,,2.96E-04,8.199999809,,
,,,2.97E-04,8.199999809,,
,,,2.98E-04,8.199999809,,
,,,2.99E-04,8.199999809,,
,,,3.00E-04,8.199999809,,
,,,3.01E-04,8.199999809,,
,,,3.02E-04,8.199999809,,
,,,3.03E-04,8.399999619,,
,,,3.04E-04,8.199999809,,
,,,3.05E-04,8.199999809,,
,,,3.06E-04,8.199999809,,
,,,3.07E-04,8.199999809,,
,,,3.08E-04,8.199999809,,
,,,3.09E-04,8.399999619,,
,,,3.10E-04,8.199999809,,
,,,3.11E-04,8.199999809,,
,,,3.12E-04,8.199999809,,
,,,3.13E-04,8.199999809,,
,,,3.14E-04,8.199999809,,
,,,3.15E-04,8.199999809,,
,,,3.16E-04,8.199999809,,
,,,3.17E-04,8.199999809,,
,,,3.18E-04,8.199999809,,
,,,3.19E-04,8.199999809,,
,,,3.20E-04,8.199999809,,
,,,3.21E-04,8.199999809,,
,,,3.22E-04,8.199999809,,
,,,3.23E-04,8.199999809,,
,,,3.24E-04,8.199999809,,
,,,3.25E-04,8.199999809,,
,,,3.26E-04,8.199999809,,
,,,3.27E-04,8.199999809,,
,,,3.28E-04,8.199999809,,
,,,3.29E-04,8.199999809,,
,,,3.30E-04,8.199999809,,
,,,3.31E-04,8.199999809,,
,,,3.32E-04,8.199999809,,
,,,3.33E-04,8.199999809,,
,,,3.34E-04,8.199999809,,
,,,3.35E-04,8.199999809,,
,,,3.36E-04,8.199999809,,
,,,3.37E-04,8.199999809,,
,,,3.38E-04,8.199999809,,
,,,3.39E-04,8.199999809,,
,,,3.40E-04,8.199999809,,
,,,3.41E-04,8.199999809,,
,,,3.42E-04,8.199999809,,
,,,3.43E-04,8.199999809,,
,,,3.44E-04,8.199999809,,
,,,3.45E-04,8.199999809,,
,,,3.46E-04,8.199999809,,
,,,3.47E-04,8.199999809,,
,,,3.48E-04,8.199999809,,
,,,3.49E-04,8.199999809,,
,,,3.50E-04,8.199999809,,
,,,3.51E-04,8.199999809,,
,,,3.52E-04,8.199999809,,
,,,3.53E-04,8.399999619,,
,,,3.54E-04,8.199999809,,
,,,3.55E-04,8.199999809,,
,,,3.56E-04,8.199999809,,
,,,3.57E-04,8.199999809,,
,,,3.58E-04,8.199999809,,
,,,3.59E-04,8.399999619,,
,,,3.60E-04,8.199999809,,
,,,3.61E-04,8.199999809,,
,,,3.62E-04,8.199999809,,
,,,3.63E-04,8.199999809,,
,,,3.64E-04,8.199999809,,
,,,3.65E-04,8.199999809,,
,,,3.66E-04,8.399999619,,
,,,3.67E-04,8.199999809,,
,,,3.68E-04,8.199999809,,
,,,3.69E-04,8.199999809,,
,,,3.70E-04,8.199999809,,
,,,3.71E-04,8.199999809,,
,,,3.72E-04,8.199999809,,
,,,3.73E-04,8.199999809,,
,,,3.74E-04,8.199999809,,
,,,3.75E-04,8.199999809,,
,,,3.76E-04,8.199999809,,
,,,3.77E-04,8.199999809,,
,,,3.78E-04,8.199999809,,
,,,3.79E-04,8.199999809,,
,,,3.80E-04,8.199999809,,
,,,3.81E-04,8.199999809,,
,,,3.82E-04,8.199999809,,
,,,3.83E-04,8.199999809,,
,,,3.84E-04,8.199999809,,
,,,3.85E-04,8.199999809,,
,,,3.86E-04,8.199999809,,
,,,3.87E-04,8.199999809,,
,,,3.88E-04,8.199999809,,
,,,3.89E-04,8.199999809,,
,,,3.90E-04,8.199999809,,
,,,3.91E-04,8.199999809,,
,,,3.92E-04,8.199999809,,
,,,3.93E-04,8.199999809,,
,,,3.94E-04,8.199999809,,
,,,3.95E-04,8.199999809,,
,,,3.96E-04,8.199999809,,
,,,3.97E-04,8.199999809,,
,,,3.98E-04,8.199999809,,
,,,3.99E-04,8.199999809,,
,,,4.00E-04,8.199999809,,
,,,4.01E-04,8.199999809,,
,,,4.02E-04,8.199999809,,
,,,4.03E-04,8.199999809,,
,,,4.04E-04,8.199999809,,
,,,4.05E-04,8.399999619,,
,,,4.06E-04,8.199999809,,
,,,4.07E-04,8.199999809,,
,,,4.08E-04,8.199999809,,
,,,4.09E-04,8.199999809,,
,,,4.10E-04,8.199999809,,
,,,4.11E-04,8.199999809,,
,,,4.12E-04,8.199999809,,
,,,4.13E-04,8.199999809,,
,,,4.14E-04,8.199999809,,
,,,4.15E-04,8.199999809,,
,,,4.16E-04,8.199999809,,
,,,4.17E-04,8.199999809,,
,,,4.18E-04,8.199999809,,
,,,4.19E-04,8.199999809,,
,,,4.20E-04,8.199999809,,
,,,4.21E-04,8.199999809,,
,,,4.22E-04,8.399999619,,
,,,4.23E-04,8.199999809,,
,,,4.24E-04,8.199999809,,
,,,4.25E-04,8.199999809,,
,,,4.26E-04,8.199999809,,
,,,4.27E-04,8.199999809,,
,,,4.28E-04,8.199999809,,
,,,4.29E-04,8.199999809,,
,,,4.30E-04,8.199999809,,
,,,4.31E-04,8.199999809,,
,,,4.32E-04,8.199999809,,
,,,4.33E-04,8.399999619,,
,,,4.34E-04,8.199999809,,
,,,4.35E-04,8.199999809,,
,,,4.36E-04,8.199999809,,
,,,4.37E-04,8.199999809,,
,,,4.38E-04,8.199999809,,
,,,4.39E-04,8.199999809,,
,,,4.40E-04,8.199999809,,
,,,4.41E-04,8.199999809,,
,,,4.42E-04,8.199999809,,
,,,4.43E-04,8.199999809,,
,,,4.44E-04,8.199999809,,
,,,4.45E-04,8.199999809,,
,,,4.46E-04,8.199999809,,
,,,4.47E-04,8.199999809,,
,,,4.48E-04,8.199999809,,
,,,4.49E-04,8.199999809,,
,,,4.50E-04,8.199999809,,
,,,4.51E-04,8.199999809,,
,,,4.52E-04,8.199999809,,
,,,4.53E-04,8.199999809,,
,,,4.54E-04,8.199999809,,
,,,4.55E-04,8.199999809,,
,,,4.56E-04,8.199999809,,
,,,4.57E-04,8.199999809,,
,,,4.58E-04,8.199999809,,
,,,4.59E-04,8.199999809,,
,,,4.60E-04,8.199999809,,
,,,4.61E-04,8.199999809,,
,,,4.62E-04,8.199999809,,
,,,4.63E-04,8.199999809,,
,,,4.64E-04,8.199999809,,
,,,4.65E-04,8.199999809,,
,,,4.66E-04,8.199999809,,
,,,4.67E-04,8.199999809,,
,,,4.68E-04,8.199999809,,
,,,4.69E-04,8.199999809,,
,,,4.70E-04,8.199999809,,
,,,4.71E-04,8.199999809,,
,,,4.72E-04,8.199999809,,
,,,4.73E-04,8.399999619,,
,,,4.74E-04,8.199999809,,
,,,4.75E-04,8.199999809,,
,,,4.76E-04,8.199999809,,
,,,4.77E-04,8.199999809,,
,,,4.78E-04,8.199999809,,
,,,4.79E-04,8.199999809,,
,,,4.80E-04,8.199999809,,
,,,4.81E-04,8.199999809,,
,,,4.82E-04,8.399999619,,
,,,4.83E-04,8.199999809,,
,,,4.84E-04,8.199999809,,
,,,4.85E-04,8.199999809,,
,,,4.86E-04,8.199999809,,
,,,4.87E-04,8.199999809,,
,,,4.88E-04,8.199999809,,
,,,4.89E-04,8.199999809,,
,,,4.90E-04,8.199999809,,
,,,4.91E-04,8.199999809,,
,,,4.92E-04,8.199999809,,
,,,4.93E-04,8.199999809,,
,,,4.94E-04,8.199999809,,
,,,4.95E-04,8.199999809,,
,,,4.96E-04,8.199999809,,
,,,4.97E-04,8.199999809,,
,,,4.98E-04,8.399999619,,
,,,4.99E-04,8.399999619,,
,,,5.00E-04,8.199999809,,
,,,5.01E-04,8.199999809,,
,,,5.02E-04,8.399999619,,
,,,5.03E-04,8.199999809,,
,,,5.04E-04,8.199999809,,
,,,5.05E-04,8.199999809,,
,,,5.06E-04,8.199999809,,
,,,5.07E-04,8.199999809,,
,,,5.08E-04,8.199999809,,
,,,5.09E-04,8.199999809,,
,,,5.10E-04,8.199999809,,
,,,5.11E-04,8.199999809,,
,,,5.12E-04,8.199999809,,
,,,5.13E-04,8.199999809,,
,,,5.14E-04,8.199999809,,
,,,5.15E-04,8.199999809,,
,,,5.16E-04,8.199999809,,
,,,5.17E-04,8.199999809,,
,,,5.18E-04,8.399999619,,
,,,5.19E-04,8.199999809,,
,,,5.20E-04,8.199999809,,
,,,5.21E-04,8.199999809,,
,,,5.22E-04,8.199999809,,
,,,5.23E-04,8.399999619,,
,,,5.24E-04,8.199999809,,
,,,5.25E-04,8.199999809,,
,,,5.26E-04,8.199999809,,
,,,5.27E-04,8.199999809,,
,,,5.28E-04,8.199999809,,
,,,5.29E-04,8.199999809,,
,,,5.30E-04,8.199999809,,
,,,5.31E-04,8.199999809,,
,,,5.32E-04,8.199999809,,
,,,5.33E-04,8.199999809,,
,,,5.34E-04,8.199999809,,
,,,5.35E-04,8.199999809,,
,,,5.36E-04,8.199999809,,
,,,5.37E-04,8.199999809,,
,,,5.38E-04,8.199999809,,
,,,5.39E-04,8.199999809,,
,,,5.40E-04,8.199999809,,
,,,5.41E-04,8.199999809,,
,,,5.42E-04,8.199999809,,
,,,5.43E-04,8.199999809,,
,,,5.44E-04,8.199999809,,
,,,5.45E-04,8.199999809,,
,,,5.46E-04,8.199999809,,
,,,5.47E-04,8.199999809,,
,,,5.48E-04,8.199999809,,
,,,5.49E-04,8.199999809,,
,,,5.50E-04,8.199999809,,
,,,5.51E-04,8.199999809,,
,,,5.52E-04,8.199999809,,
,,,5.53E-04,8.199999809,,
,,,5.54E-04,8.199999809,,
,,,5.55E-04,8.199999809,,
,,,5.56E-04,8.199999809,,
,,,5.57E-04,8.199999809,,
,,,5.58E-04,8.199999809,,
,,,5.59E-04,8.199999809,,
,,,5.60E-04,8.199999809,,
,,,5.61E-04,8.199999809,,
,,,5.62E-04,8.199999809,,
,,,5.63E-04,8.199999809,,
,,,5.64E-04,8.199999809,,
,,,5.65E-04,8.199999809,,
,,,5.66E-04,8.199999809,,
,,,5.67E-04,8.199999809,,
,,,5.68E-04,8.199999809,,
,,,5.69E-04,8.199999809,,
,,,5.70E-04,8.199999809,,
,,,5.71E-04,8.199999809,,
,,,5.72E-04,8.199999809,,
,,,5.73E-04,8.199999809,,
,,,5.74E-04,8.199999809,,
,,,5.75E-04,8.199999809,,
,,,5.76E-04,8.199999809,,
,,,5.77E-04,8.199999809,,
,,,5.78E-04,8.199999809,,
,,,5.79E-04,8.399999619,,
,,,5.80E-04,8.199999809,,
,,,5.81E-04,8.199999809,,
,,,5.82E-04,8.399999619,,
,,,5.83E-04,8.199999809,,
,,,5.84E-04,8.199999809,,
,,,5.85E-04,8.199999809,,
,,,5.86E-04,8.199999809,,
,,,5.87E-04,8.199999809,,
,,,5.88E-04,8.199999809,,
,,,5.89E-04,8.199999809,,
,,,5.90E-04,8.199999809,,
,,,5.91E-04,8.199999809,,
,,,5.92E-04,8.199999809,,
,,,5.93E-04,8.199999809,,
,,,5.94E-04,8.199999809,,
,,,5.95E-04,8.199999809,,
,,,5.96E-04,8.199999809,,
,,,5.97E-04,8.199999809,,
,,,5.98E-04,8.199999809,,
,,,5.99E-04,8.199999809,,
,,,6.00E-04,8.199999809,,
,,,6.01E-04,8.399999619,,
,,,6.02E-04,8.199999809,,
,,,6.03E-04,8.199999809,,
,,,6.04E-04,8.399999619,,
,,,6.05E-04,8.199999809,,
,,,6.06E-04,8.199999809,,
,,,6.07E-04,8.199999809,,
,,,6.08E-04,8.199999809,,
,,,6.09E-04,8.199999809,,
,,,6.10E-04,8.199999809,,
,,,6.11E-04,8.199999809,,
,,,6.12E-04,8.199999809,,
,,,6.13E-04,8.199999809,,
,,,6.14E-04,8.199999809,,
,,,6.15E-04,8.199999809,,
,,,6.16E-04,8.199999809,,
,,,6.17E-04,8.199999809,,
,,,6.18E-04,8.199999809,,
,,,6.19E-04,8.199999809,,
,,,6.20E-04,8.199999809,,
,,,6.21E-04,8.199999809,,
,,,6.22E-04,8.199999809,,
,,,6.23E-04,8.199999809,,
,,,6.24E-04,8.199999809,,
,,,6.25E-04,8.199999809,,
,,,6.26E-04,8.199999809,,
,,,6.27E-04,8.199999809,,
,,,6.28E-04,8.199999809,,
,,,6.29E-04,8.199999809,,
,,,6.30E-04,8.199999809,,
,,,6.31E-04,8.199999809,,
,,,6.32E-04,8.199999809,,
,,,6.33E-04,8.199999809,,
,,,6.34E-04,8.199999809,,
,,,6.35E-04,8.199999809,,
,,,6.36E-04,8.399999619,,
,,,6.37E-04,8.399999619,,
,,,6.38E-04,8.199999809,,
,,,6.39E-04,8.199999809,,
,,,6.40E-04,8.199999809,,
,,,6.41E-04,8.199999809,,
,,,6.42E-04,8.199999809,,
,,,6.43E-04,8.199999809,,
,,,6.44E-04,8.199999809,,
,,,6.45E-04,8.199999809,,
,,,6.46E-04,8.199999809,,
,,,6.47E-04,8.199999809,,
,,,6.48E-04,8.199999809,,
,,,6.49E-04,8.199999809,,
,,,6.50E-04,8.199999809,,
,,,6.51E-04,8.199999809,,
,,,6.52E-04,8.199999809,,
,,,6.53E-04,8.199999809,,
,,,6.54E-04,8.199999809,,
,,,6.55E-04,8.199999809,,
,,,6.56E-04,8.199999809,,
,,,6.57E-04,8.199999809,,
,,,6.58E-04,8.199999809,,
,,,6.59E-04,8.199999809,,
,,,6.60E-04,8.199999809,,
,,,6.61E-04,8.199999809,,
,,,6.62E-04,8.199999809,,
,,,6.63E-04,8.199999809,,
,,,6.64E-04,8.199999809,,
,,,6.65E-04,8.199999809,,
,,,6.66E-04,8.199999809,,
,,,6.67E-04,8.199999809,,
,,,6.68E-04,8.199999809,,
,,,6.69E-04,8.199999809,,
,,,6.70E-04,8.199999809,,
,,,6.71E-04,8.199999809,,
,,,6.72E-04,8.399999619,,
,,,6.73E-04,8.199999809,,
,,,6.74E-04,8.199999809,,
,,,6.75E-04,8.199999809,,
,,,6.76E-04,8.199999809,,
,,,6.77E-04,8.199999809,,
,,,6.78E-04,8.199999809,,
,,,6.79E-04,8.199999809,,
,,,6.80E-04,8.199999809,,
,,,6.81E-04,8.199999809,,
,,,6.82E-04,8.199999809,,
,,,6.83E-04,8.199999809,,
,,,6.84E-04,8.199999809,,
,,,6.85E-04,8.199999809,,
,,,6.86E-04,8.199999809,,
,,,6.87E-04,8.199999809,,
,,,6.88E-04,8.199999809,,
,,,6.89E-04,8.199999809,,
,,,6.90E-04,8.199999809,,
,,,6.91E-04,8.199999809,,
,,,6.92E-04,8.199999809,,
,,,6.93E-04,8.199999809,,
,,,6.94E-04,8.199999809,,
,,,6.95E-04,8.199999809,,
,,,6.96E-04,8.199999809,,
,,,6.97E-04,8.399999619,,
,,,6.98E-04,8.199999809,,
,,,6.99E-04,8.199999809,,
,,,7.00E-04,8.199999809,,
,,,7.01E-04,8.199999809,,
,,,7.02E-04,8.199999809,,
,,,7.03E-04,8.199999809,,
,,,7.04E-04,8.199999809,,
,,,7.05E-04,8.199999809,,
,,,7.06E-04,8.199999809,,
,,,7.07E-04,8.399999619,,
,,,7.08E-04,8.199999809,,
,,,7.09E-04,8.199999809,,
,,,7.10E-04,8.199999809,,
,,,7.11E-04,8.199999809,,
,,,7.12E-04,8.399999619,,
,,,7.13E-04,8.199999809,,
,,,7.14E-04,8.199999809,,
,,,7.15E-04,8.199999809,,
,,,7.16E-04,8.199999809,,
,,,7.17E-04,8.199999809,,
,,,7.18E-04,8.199999809,,
,,,7.19E-04,8.199999809,,
,,,7.20E-04,8.399999619,,
,,,7.21E-04,8.199999809,,
,,,7.22E-04,8.199999809,,
,,,7.23E-04,8.199999809,,
,,,7.24E-04,8.199999809,,
,,,7.25E-04,8.199999809,,
,,,7.26E-04,8.199999809,,
,,,7.27E-04,8.199999809,,
,,,7.28E-04,8.199999809,,
,,,7.29E-04,8.199999809,,
,,,7.30E-04,8.199999809,,
,,,7.31E-04,8.199999809,,
,,,7.32E-04,8.199999809,,
,,,7.33E-04,8.199999809,,
,,,7.34E-04,8.199999809,,
,,,7.35E-04,8.199999809,,
,,,7.36E-04,8.199999809,,
,,,7.37E-04,8.199999809,,
,,,7.38E-04,8.199999809,,
,,,7.39E-04,8.199999809,,
,,,7.40E-04,8.199999809,,
,,,7.41E-04,8.199999809,,
,,,7.42E-04,8.199999809,,
,,,7.43E-04,8.199999809,,
,,,7.44E-04,8.199999809,,
,,,7.45E-04,8.399999619,,
,,,7.46E-04,8.199999809,,
,,,7.47E-04,8.199999809,,
,,,7.48E-04,8.199999809,,
,,,7.49E-04,8.199999809,,
,,,7.50E-04,8.199999809,,
,,,7.51E-04,8.199999809,,
,,,7.52E-04,8.199999809,,
,,,7.53E-04,8.199999809,,
,,,7.54E-04,8.199999809,,
,,,7.55E-04,8.199999809,,
,,,7.56E-04,8.199999809,,
,,,7.57E-04,8.199999809,,
,,,7.58E-04,8.199999809,,
,,,7.59E-04,8.199999809,,
,,,7.60E-04,8.199999809,,
,,,7.61E-04,8.199999809,,
,,,7.62E-04,8.199999809,,
,,,7.63E-04,8.199999809,,
,,,7.64E-04,8.199999809,,
,,,7.65E-04,8.399999619,,
,,,7.66E-04,8.199999809,,
,,,7.67E-04,8.199999809,,
,,,7.68E-04,8.199999809,,
,,,7.69E-04,8.199999809,,
,,,7.70E-04,8.199999809,,
,,,7.71E-04,8.199999809,,
,,,7.72E-04,8.199999809,,
,,,7.73E-04,8.199999809,,
,,,7.74E-04,8.199999809,,
,,,7.75E-04,8.399999619,,
,,,7.76E-04,8.199999809,,
,,,7.77E-04,8.399999619,,
,,,7.78E-04,8.199999809,,
,,,7.79E-04,8.399999619,,
,,,7.80E-04,8.199999809,,
,,,7.81E-04,8.199999809,,
,,,7.82E-04,8.199999809,,
,,,7.83E-04,8.199999809,,
,,,7.84E-04,8.199999809,,
,,,7.85E-04,8.199999809,,
,,,7.86E-04,8.199999809,,
,,,7.87E-04,8.199999809,,
,,,7.88E-04,8.199999809,,
,,,7.89E-04,8.199999809,,
,,,7.90E-04,8.399999619,,
,,,7.91E-04,8.199999809,,
,,,7.92E-04,8.199999809,,
,,,7.93E-04,8.199999809,,
,,,7.94E-04,8.199999809,,
,,,7.95E-04,8.399999619,,
,,,7.96E-04,8.199999809,,
,,,7.97E-04,8.199999809,,
,,,7.98E-04,8.199999809,,
,,,7.99E-04,8.199999809,,
,,,8.00E-04,8.199999809,,
,,,8.01E-04,8.199999809,,
,,,8.02E-04,8.199999809,,
,,,8.03E-04,8.199999809,,
,,,8.04E-04,8.199999809,,
,,,8.05E-04,8.399999619,,
,,,8.06E-04,8.199999809,,
,,,8.07E-04,8.199999809,,
,,,8.08E-04,8.199999809,,
,,,8.09E-04,8.399999619,,
,,,8.10E-04,8.199999809,,
,,,8.11E-04,8.199999809,,
,,,8.12E-04,8.199999809,,
,,,8.13E-04,8.199999809,,
,,,8.14E-04,8.199999809,,
,,,8.15E-04,8.399999619,,
,,,8.16E-04,8.199999809,,
,,,8.17E-04,8.199999809,,
,,,8.18E-04,8.199999809,,
,,,8.19E-04,8.199999809,,
,,,8.20E-04,8.199999809,,
,,,8.21E-04,8.199999809,,
,,,8.22E-04,8.199999809,,
,,,8.23E-04,8.199999809,,
,,,8.24E-04,8.199999809,,
,,,8.25E-04,8.399999619,,
,,,8.26E-04,8.199999809,,
,,,8.27E-04,8.399999619,,
,,,8.28E-04,8.399999619,,
,,,8.29E-04,8.199999809,,
,,,8.30E-04,8.199999809,,
,,,8.31E-04,8.199999809,,
,,,8.32E-04,8.399999619,,
,,,8.33E-04,8.199999809,,
,,,8.34E-04,8.399999619,,
,,,8.35E-04,8.199999809,,
,,,8.36E-04,8.199999809,,
,,,8.37E-04,8.199999809,,
,,,8.38E-04,7.999999523,,
,,,8.39E-04,8.199999809,,
,,,8.40E-04,8.199999809,,
,,,8.41E-04,8.199999809,,
,,,8.42E-04,8.199999809,,
,,,8.43E-04,8.199999809,,
,,,8.44E-04,8.199999809,,
,,,8.45E-04,8.199999809,,
,,,8.46E-04,8.199999809,,
,,,8.47E-04,8.199999809,,
,,,8.48E-04,8.199999809,,
,,,8.49E-04,8.199999809,,
,,,8.50E-04,8.199999809,,
,,,8.51E-04,8.199999809,,
,,,8.52E-04,8.199999809,,
,,,8.53E-04,8.199999809,,
,,,8.54E-04,8.199999809,,
,,,8.55E-04,8.199999809,,
,,,8.56E-04,8.199999809,,
,,,8.57E-04,8.199999809,,
,,,8.58E-04,8.199999809,,
,,,8.59E-04,8.199999809,,
,,,8.60E-04,8.199999809,,
,,,8.61E-04,8.199999809,,
,,,8.62E-04,8.199999809,,
,,,8.63E-04,8.199999809,,
,,,8.64E-04,8.199999809,,
,,,8.65E-04,8.199999809,,
,,,8.66E-04,8.199999809,,
,,,8.67E-04,8.199999809,,
,,,8.68E-04,8.199999809,,
,,,8.69E-04,8.199999809,,
,,,8.70E-04,8.199999809,,
,,,8.71E-04,8.199999809,,
,,,8.72E-04,8.199999809,,
,,,8.73E-04,8.199999809,,
,,,8.74E-04,8.199999809,,
,,,8.75E-04,8.199999809,,
,,,8.76E-04,8.199999809,,
,,,8.77E-04,8.199999809,,
,,,8.78E-04,8.199999809,,
,,,8.79E-04,8.199999809,,
,,,8.80E-04,8.199999809,,
,,,8.81E-04,8.199999809,,
,,,8.82E-04,8.199999809,,
,,,8.83E-04,8.399999619,,
,,,8.84E-04,8.199999809,,
,,,8.85E-04,8.199999809,,
,,,8.86E-04,8.199999809,,
,,,8.87E-04,8.199999809,,
,,,8.88E-04,8.199999809,,
,,,8.89E-04,8.199999809,,
,,,8.90E-04,8.199999809,,
,,,8.91E-04,8.199999809,,
,,,8.92E-04,8.199999809,,
,,,8.93E-04,8.199999809,,
,,,8.94E-04,8.199999809,,
,,,8.95E-04,8.199999809,,
,,,8.96E-04,8.399999619,,
,,,8.97E-04,8.199999809,,
,,,8.98E-04,8.199999809,,
,,,8.99E-04,8.199999809,,
,,,9.00E-04,8.199999809,,
,,,9.01E-04,8.199999809,,
,,,9.02E-04,8.199999809,,
,,,9.03E-04,8.199999809,,
,,,9.04E-04,8.199999809,,
,,,9.05E-04,8.199999809,,
,,,9.06E-04,8.199999809,,
,,,9.07E-04,8.199999809,,
,,,9.08E-04,8.199999809,,
,,,9.09E-04,8.399999619,,
,,,9.10E-04,8.199999809,,
,,,9.11E-04,8.199999809,,
,,,9.12E-04,8.199999809,,
,,,9.13E-04,8.399999619,,
,,,9.14E-04,8.199999809,,
,,,9.15E-04,8.199999809,,
,,,9.16E-04,8.399999619,,
,,,9.17E-04,8.199999809,,
,,,9.18E-04,8.199999809,,
,,,9.19E-04,8.399999619,,
,,,9.20E-04,8.199999809,,
,,,9.21E-04,8.199999809,,
,,,9.22E-04,8.199999809,,
,,,9.23E-04,8.199999809,,
,,,9.24E-04,8.199999809,,
,,,9.25E-04,8.199999809,,
,,,9.26E-04,8.199999809,,
,,,9.27E-04,8.199999809,,
,,,9.28E-04,8.199999809,,
,,,9.29E-04,8.199999809,,
,,,9.30E-04,8.199999809,,
,,,9.31E-04,8.199999809,,
,,,9.32E-04,8.199999809,,
,,,9.33E-04,8.399999619,,
,,,9.34E-04,8.199999809,,
,,,9.35E-04,8.199999809,,
,,,9.36E-04,8.199999809,,
,,,9.37E-04,8.199999809,,
,,,9.38E-04,8.199999809,,
,,,9.39E-04,8.199999809,,
,,,9.40E-04,8.199999809,,
,,,9.41E-04,8.199999809,,
,,,9.42E-04,8.199999809,,
,,,9.43E-04,8.199999809,,
,,,9.44E-04,8.199999809,,
,,,9.45E-04,8.199999809,,
,,,9.46E-04,8.199999809,,
,,,9.47E-04,8.199999809,,
,,,9.48E-04,8.399999619,,
,,,9.49E-04,8.199999809,,
,,,9.50E-04,8.399999619,,
,,,9.51E-04,7.999999523,,
,,,9.52E-04,8.199999809,,
,,,9.53E-04,8.199999809,,
,,,9.54E-04,8.199999809,,
,,,9.55E-04,8.199999809,,
,,,9.56E-04,8.199999809,,
,,,9.57E-04,8.199999809,,
,,,9.58E-04,8.199999809,,
,,,9.59E-04,8.199999809,,
,,,9.60E-04,8.199999809,,
,,,9.61E-04,8.199999809,,
,,,9.62E-04,8.199999809,,
,,,9.63E-04,8.199999809,,
,,,9.64E-04,8.199999809,,
,,,9.65E-04,8.199999809,,
,,,9.66E-04,8.199999809,,
,,,9.67E-04,8.199999809,,
,,,9.68E-04,8.199999809,,
,,,9.69E-04,8.199999809,,
,,,9.70E-04,8.199999809,,
,,,9.71E-04,8.399999619,,
,,,9.72E-04,8.199999809,,
,,,9.73E-04,8.199999809,,
,,,9.74E-04,8.199999809,,
,,,9.75E-04,8.199999809,,
,,,9.76E-04,8.199999809,,
,,,9.77E-04,8.199999809,,
,,,9.78E-04,8.199999809,,
,,,9.79E-04,8.199999809,,
,,,9.80E-04,8.199999809,,
,,,9.81E-04,8.199999809,,
,,,9.82E-04,8.199999809,,
,,,9.83E-04,8.199999809,,
,,,9.84E-04,8.199999809,,
,,,9.85E-04,8.199999809,,
,,,9.86E-04,7.999999523,,
,,,9.87E-04,8.199999809,,
,,,9.88E-04,8.199999809,,
,,,9.89E-04,8.199999809,,
,,,9.90E-04,8.199999809,,
,,,9.91E-04,8.199999809,,
,,,9.92E-04,8.199999809,,
,,,9.93E-04,8.199999809,,
,,,9.94E-04,8.199999809,,
,,,9.95E-04,8.199999809,,
,,,9.96E-04,8.199999809,,
,,,9.97E-04,8.199999809,,
,,,9.98E-04,8.199999809,,
,,,9.99E-04,8.199999809,,
,,,1.00E-03,8.199999809,,
,,,1.00E-03,8.199999809,,
,,,1.00E-03,8.199999809,,
,,,1.00E-03,8.199999809,,
,,,1.00E-03,8.199999809,,
,,,1.00E-03,8.199999809,,
,,,1.01E-03,8.199999809,,
,,,1.01E-03,8.199999809,,
,,,1.01E-03,8.199999809,,
,,,1.01E-03,8.199999809,,
,,,1.01E-03,8.199999809,,
,,,1.01E-03,8.199999809,,
,,,1.01E-03,8.199999809,,
,,,1.01E-03,8.399999619,,
,,,1.01E-03,8.199999809,,
,,,1.01E-03,8.199999809,,
,,,1.02E-03,8.199999809,,
,,,1.02E-03,8.199999809,,
,,,1.02E-03,8.399999619,,
,,,1.02E-03,8.199999809,,
,,,1.02E-03,8.199999809,,
,,,1.02E-03,8.199999809,,
,,,1.02E-03,8.199999809,,
,,,1.02E-03,8.199999809,,
,,,1.02E-03,8.199999809,,
,,,1.02E-03,8.199999809,,
,,,1.03E-03,8.199999809,,
,,,1.03E-03,8.199999809,,
,,,1.03E-03,8.199999809,,
,,,1.03E-03,8.399999619,,
,,,1.03E-03,8.199999809,,
,,,1.03E-03,8.199999809,,
,,,1.03E-03,8.399999619,,
,,,1.03E-03,8.199999809,,
,,,1.03E-03,8.199999809,,
,,,1.03E-03,8.199999809,,
,,,1.04E-03,8.199999809,,
,,,1.04E-03,8.199999809,,
,,,1.04E-03,8.199999809,,
,,,1.04E-03,8.199999809,,
,,,1.04E-03,8.199999809,,
,,,1.04E-03,8.199999809,,
,,,1.04E-03,8.199999809,,
,,,1.04E-03,8.199999809,,
,,,1.04E-03,8.199999809,,
,,,1.04E-03,8.199999809,,
,,,1.05E-03,8.199999809,,
,,,1.05E-03,8.199999809,,
,,,1.05E-03,8.199999809,,
,,,1.05E-03,8.199999809,,
,,,1.05E-03,8.199999809,,
,,,1.05E-03,8.199999809,,
,,,1.05E-03,8.199999809,,
,,,1.05E-03,8.199999809,,
,,,1.05E-03,8.199999809,,
,,,1.05E-03,8.199999809,,
,,,1.06E-03,8.199999809,,
,,,1.06E-03,8.199999809,,
,,,1.06E-03,8.199999809,,
,,,1.06E-03,8.199999809,,
,,,1.06E-03,8.199999809,,
,,,1.06E-03,8.199999809,,
,,,1.06E-03,8.199999809,,
,,,1.06E-03,8.199999809,,
,,,1.06E-03,8.199999809,,
,,,1.07E-03,8.199999809,,
,,,1.07E-03,8.199999809,,
,,,1.07E-03,8.399999619,,
,,,1.07E-03,8.199999809,,
,,,1.07E-03,8.399999619,,
,,,1.07E-03,8.199999809,,
,,,1.07E-03,8.199999809,,
,,,1.07E-03,8.199999809,,
,,,1.07E-03,8.199999809,,
,,,1.07E-03,8.199999809,,
,,,1.07E-03,8.199999809,,
,,,1.08E-03,8.199999809,,
,,,1.08E-03,8.199999809,,
,,,1.08E-03,8.199999809,,
,,,1.08E-03,8.199999809,,
,,,1.08E-03,8.199999809,,
,,,1.08E-03,8.199999809,,
,,,1.08E-03,8.199999809,,
,,,1.08E-03,8.199999809,,
,,,1.08E-03,8.199999809,,
,,,1.08E-03,8.199999809,,
,,,1.09E-03,8.199999809,,
,,,1.09E-03,8.199999809,,
,,,1.09E-03,8.199999809,,
,,,1.09E-03,8.199999809,,
,,,1.09E-03,8.199999809,,
,,,1.09E-03,8.199999809,,
,,,1.09E-03,8.199999809,,
,,,1.09E-03,8.199999809,,
,,,1.09E-03,8.199999809,,
,,,1.10E-03,8.199999809,,
,,,1.10E-03,8.199999809,,
,,,1.10E-03,8.199999809,,
,,,1.10E-03,8.399999619,,
,,,1.10E-03,8.199999809,,
,,,1.10E-03,8.199999809,,
,,,1.10E-03,8.199999809,,
,,,1.10E-03,8.199999809,,
,,,1.10E-03,8.199999809,,
,,,1.10E-03,8.199999809,,
,,,1.10E-03,8.199999809,,
,,,1.11E-03,8.199999809,,
,,,1.11E-03,8.199999809,,
,,,1.11E-03,8.199999809,,
,,,1.11E-03,8.199999809,,
,,,1.11E-03,8.199999809,,
,,,1.11E-03,8.199999809,,
,,,1.11E-03,8.199999809,,
,,,1.11E-03,8.199999809,,
,,,1.11E-03,8.199999809,,
,,,1.11E-03,8.199999809,,
,,,1.12E-03,8.199999809,,
,,,1.12E-03,8.199999809,,
,,,1.12E-03,8.199999809,,
,,,1.12E-03,8.199999809,,
,,,1.12E-03,8.199999809,,
,,,1.12E-03,8.199999809,,
,,,1.12E-03,8.199999809,,
,,,1.12E-03,8.399999619,,
,,,1.12E-03,8.199999809,,
,,,1.13E-03,8.199999809,,
,,,1.13E-03,8.199999809,,
,,,1.13E-03,8.199999809,,
,,,1.13E-03,8.199999809,,
,,,1.13E-03,8.199999809,,
,,,1.13E-03,8.199999809,,
,,,1.13E-03,8.199999809,,
,,,1.13E-03,8.199999809,,
,,,1.13E-03,8.199999809,,
,,,1.13E-03,8.199999809,,
,,,1.13E-03,7.999999523,,
,,,1.14E-03,8.199999809,,
,,,1.14E-03,8.199999809,,
,,,1.14E-03,8.199999809,,
,,,1.14E-03,8.199999809,,
,,,1.14E-03,8.199999809,,
,,,1.14E-03,8.199999809,,
,,,1.14E-03,8.199999809,,
,,,1.14E-03,8.199999809,,
,,,1.14E-03,7.999999523,,
,,,1.14E-03,8.199999809,,
,,,1.15E-03,8.199999809,,
,,,1.15E-03,8.199999809,,
,,,1.15E-03,8.199999809,,
,,,1.15E-03,8.199999809,,
,,,1.15E-03,8.199999809,,
,,,1.15E-03,8.199999809,,
,,,1.15E-03,8.399999619,,
,,,1.15E-03,8.199999809,,
,,,1.15E-03,8.199999809,,
,,,1.15E-03,8.199999809,,
,,,1.16E-03,8.199999809,,
,,,1.16E-03,8.199999809,,
,,,1.16E-03,8.199999809,,
,,,1.16E-03,8.199999809,,
,,,1.16E-03,8.199999809,,
,,,1.16E-03,8.199999809,,
,,,1.16E-03,8.399999619,,
,,,1.16E-03,8.199999809,,
,,,1.16E-03,8.199999809,,
,,,1.16E-03,8.199999809,,
,,,1.17E-03,8.199999809,,
,,,1.17E-03,8.199999809,,
,,,1.17E-03,8.199999809,,
,,,1.17E-03,8.199999809,,
,,,1.17E-03,7.999999523,,
,,,1.17E-03,8.199999809,,
,,,1.17E-03,8.199999809,,
,,,1.17E-03,8.199999809,,
,,,1.17E-03,8.199999809,,
,,,1.17E-03,8.199999809,,
,,,1.18E-03,8.199999809,,
,,,1.18E-03,8.199999809,,
,,,1.18E-03,8.199999809,,
,,,1.18E-03,8.199999809,,
,,,1.18E-03,8.199999809,,
,,,1.18E-03,8.199999809,,
,,,1.18E-03,8.399999619,,
,,,1.18E-03,8.199999809,,
,,,1.18E-03,8.399999619,,
,,,1.18E-03,8.199999809,,
,,,1.19E-03,8.199999809,,
,,,1.19E-03,8.199999809,,
,,,1.19E-03,8.199999809,,
,,,1.19E-03,8.199999809,,
,,,1.19E-03,8.199999809,,
,,,1.19E-03,8.199999809,,
,,,1.19E-03,8.199999809,,
,,,1.19E-03,8.199999809,,
,,,1.19E-03,8.199999809,,
,,,1.19E-03,8.199999809,,
,,,1.20E-03,8.199999809,,
,,,1.20E-03,8.199999809,,
,,,1.20E-03,8.199999809,,
,,,1.20E-03,8.199999809,,
,,,1.20E-03,8.199999809,,
,,,1.20E-03,8.199999809,,
,,,1.20E-03,8.199999809,,
,,,1.20E-03,8.399999619,,
,,,1.20E-03,8.199999809,,
,,,1.20E-03,8.199999809,,
,,,1.21E-03,8.199999809,,
,,,1.21E-03,8.199999809,,
,,,1.21E-03,8.199999809,,
,,,1.21E-03,8.199999809,,
,,,1.21E-03,8.199999809,,
,,,1.21E-03,8.199999809,,
,,,1.21E-03,8.199999809,,
,,,1.21E-03,8.199999809,,
,,,1.21E-03,8.199999809,,
,,,1.21E-03,8.199999809,,
,,,1.22E-03,8.199999809,,
,,,1.22E-03,8.199999809,,
,,,1.22E-03,8.199999809,,
,,,1.22E-03,8.199999809,,
,,,1.22E-03,8.199999809,,
,,,1.22E-03,8.199999809,,
,,,1.22E-03,8.199999809,,
,,,1.22E-03,8.199999809,,
,,,1.22E-03,8.199999809,,
,,,1.22E-03,8.199999809,,
,,,1.23E-03,8.199999809,,
,,,1.23E-03,8.199999809,,
,,,1.23E-03,8.199999809,,
,,,1.23E-03,8.199999809,,
,,,1.23E-03,8.199999809,,
,,,1.23E-03,8.199999809,,
,,,1.23E-03,8.199999809,,
,,,1.23E-03,8.199999809,,
,,,1.23E-03,8.199999809,,
,,,1.23E-03,8.199999809,,
,,,1.24E-03,8.199999809,,
,,,1.24E-03,8.199999809,,
,,,1.24E-03,8.199999809,,
,,,1.24E-03,8.399999619,,
,,,1.24E-03,8.199999809,,
,,,1.24E-03,8.199999809,,
,,,1.24E-03,8.199999809,,
,,,1.24E-03,8.199999809,,
,,,1.24E-03,8.199999809,,
,,,1.24E-03,8.199999809,,
,,,1.25E-03,8.199999809,,
,,,1.25E-03,8.199999809,,
,,,1.25E-03,8.199999809,,
,,,1.25E-03,8.199999809,,
